날짜,코드,종가,외인지분율,외인_억,기관_억,개인_억
2025-07-14,420570,,1.1,4.3,-0.0,-4.4
2025-07-15,420570,,1.78,1.4,,-1.3
2025-07-16,420570,,2.0,-1.3,,1.4
2025-07-17,420570,,1.8,1.6,,-1.6
2025-07-18,420570,,2.05,-0.1,,0.1
2025-07-21,420570,,2.04,0.4,,-0.6
2025-07-22,420570,,2.1,-0.4,,0.6
2025-07-23,420570,,2.04,-0.3,,0.2
2025-07-24,420570,,2.0,0.8,,-1.0
2025-07-25,420570,,2.14,-0.4,,0.4
2025-07-28,420570,,2.09,-1.4,,1.3
2025-07-29,420570,,1.85,-0.2,,0.2
2025-07-30,420570,,1.81,-0.3,,0.2
2025-07-31,420570,,1.76,-2.7,-0.0,2.7
2025-08-01,420570,,1.36,-2.7,-0.0,2.6
2025-08-04,420570,,0.88,-0.4,-0.0,0.4
2025-08-05,420570,,0.82,0.9,,-0.9
2025-08-06,420570,,0.97,-0.5,,0.5
2025-08-07,420570,,0.9,0.1,,-0.1
2025-08-08,420570,,0.92,-0.1,,0.2
2025-08-11,420570,,0.89,-0.4,,0.4
2025-08-12,420570,,0.82,-0.5,,0.6
2025-08-13,420570,,0.73,-0.0,,0.0
2025-08-14,420570,,0.73,0.6,,-0.6
2025-08-18,420570,,1.0,-0.3,,0.3
2025-08-19,420570,,0.94,-0.2,,0.3
2025-08-20,420570,,0.9,0.0,-0.0,-0.0
2025-08-21,420570,,0.9,0.0,0.0,-0.0
2025-08-22,420570,,0.91,-0.2,,0.2
2025-08-25,420570,,0.88,0.5,,-0.5
2025-08-26,420570,,0.96,0.1,,-0.1
2025-08-27,420570,,0.98,0.0,,-0.0
2025-08-28,420570,,0.99,0.2,-0.0,-0.2
2025-08-29,420570,9380.0,1.03,-0.1,,0.1
2025-09-01,420570,,1.01,-1.0,,1.0
2025-09-02,420570,,0.82,-0.1,-0.0,0.1
2025-09-03,420570,,0.81,0.1,0.0,-0.1
2025-09-04,420570,,1.0,0.2,0.0,-0.2
2025-09-05,420570,,1.13,0.1,0.0,-0.1
2025-09-08,420570,,1.14,0.6,,-0.6
2025-09-09,420570,,1.24,0.3,,-0.3
2025-09-10,420570,,1.29,-0.2,,0.2
2025-09-11,420570,,1.26,-0.0,-0.0,0.0
2025-09-12,420570,,1.26,0.0,0.0,-0.0
2025-09-15,420570,,1.27,0.3,-0.0,-0.2
2025-09-16,420570,,1.32,0.0,,-0.0
2025-09-17,420570,,1.32,0.1,,-0.1
2025-09-18,420570,,1.34,-0.0,,0.0
2025-09-19,420570,,1.34,0.0,,-0.0
2025-09-22,420570,,1.34,0.1,,-0.1
2025-09-23,420570,,1.45,-0.0,,0.0
2025-09-24,420570,,1.0,-0.0,-0.0,-0.0
2025-09-25,420570,,1.0,-0.1,,0.2
2025-09-26,420570,,0.97,-0.2,,0.2
2025-09-29,420570,,0.94,0.3,,-0.3
2025-09-30,420570,9190.0,0.99,-0.0,0.0,0.0
2025-10-01,420570,,0.99,-0.1,,0.1
2025-10-02,420570,,0.98,0.2,,-0.2
2025-10-10,420570,,1.01,-0.5,,0.5
2025-10-13,420570,,0.92,0.2,,-0.2
2025-10-14,420570,,0.95,-0.3,,0.3
2025-10-15,420570,,0.9,0.2,,-0.2
2025-10-16,420570,,0.94,-0.0,,0.0
2025-10-17,420570,,0.93,-0.1,,0.1
2025-10-20,420570,,0.91,-0.1,-0.0,0.1
2025-10-21,420570,,0.9,-0.1,-0.0,0.1
2025-10-22,420570,,0.88,-0.1,-0.0,0.1
2025-10-23,420570,,0.87,0.1,-0.0,-0.1
2025-10-24,420570,,0.87,-0.1,-0.0,0.2
2025-10-27,420570,,0.84,0.1,-0.0,-0.1
2025-10-28,420570,,0.85,-0.1,-0.0,0.1
2025-10-29,420570,,0.84,-0.2,-0.0,0.2
2025-10-30,420570,,0.79,-0.1,-0.0,0.1
2025-10-31,420570,8650.0,0.78,0.0,,-0.0
2025-11-03,420570,,0.78,-0.2,,0.1
2025-11-04,420570,,0.75,0.1,,-0.1
2025-11-05,420570,,0.79,0.0,,-0.0
2025-11-06,420570,,0.77,-0.1,,0.1
2025-11-07,420570,,0.76,-0.1,,0.1
2025-11-10,420570,,0.74,0.0,,-0.0
2025-11-11,420570,,0.74,0.0,,-0.0
2025-11-12,420570,,0.75,0.2,,-0.2
2025-11-13,420570,,0.8,0.1,,-0.1
2025-11-14,420570,,0.82,-0.0,,-0.0
2025-11-17,420570,,0.82,-0.0,,0.0
2025-11-18,420570,,0.82,0.0,,-0.0
2025-11-19,420570,,0.82,-0.0,,0.0
2025-11-20,420570,,0.81,-0.3,,0.3
2025-11-21,420570,,0.79,-0.1,,0.1
2025-11-24,420570,,0.76,0.3,,-0.3
2025-11-25,420570,,0.81,0.1,,-0.1
2025-11-26,420570,,0.83,0.4,,-0.4
2025-11-27,420570,,0.92,-0.1,,0.1
2025-11-28,420570,8400.0,0.89,0.6,,-0.6
2025-12-01,420570,,1.01,0.1,,-0.1
2025-12-02,420570,,1.03,0.1,,-0.1
2025-12-03,420570,,1.05,0.0,,-0.0
2025-12-04,420570,,1.05,0.2,,-0.2
2025-12-05,420570,,1.1,0.1,,-0.1
2025-12-08,420570,,1.13,-0.1,,0.1
2025-12-09,420570,,1.11,-0.0,,0.0
2025-12-10,420570,,1.1,-0.1,,0.1
2025-12-11,420570,,1.09,-0.0,,0.0
2025-12-12,420570,,1.09,-0.1,,0.1
2025-12-15,420570,,1.06,-0.1,,0.0
2025-12-16,420570,,1.05,-0.1,,0.1
2025-12-17,420570,,1.02,-3.0,-0.0,3.2
2025-12-18,420570,,0.49,1.8,0.0,-1.8
2025-12-19,420570,,0.83,0.8,,-0.8
2025-12-22,420570,,0.99,0.3,,-0.3
2025-12-23,420570,,1.04,0.4,,-0.4
2025-12-24,420570,,1.17,-0.2,,0.2
2025-12-26,420570,,1.13,0.1,,-0.1
2025-12-29,420570,,1.15,0.4,,-0.4
2025-12-30,420570,8600.0,1.22,0.2,,-0.2
2026-01-02,420570,,1.26,0.7,-0.0,-0.7
2026-01-05,420570,,1.39,-0.1,,0.1
2026-01-06,420570,,1.38,0.0,,-0.0
2026-01-07,420570,,1.39,-0.3,,0.3
2026-01-08,420570,,1.33,0.4,,-0.4
2026-01-09,420570,,1.41,0.0,,-0.0
2026-01-12,420570,,1.42,0.1,,0.2
2026-01-13,420570,,1.44,-0.4,,0.4
2026-01-14,420570,,1.35,-0.2,,0.2
2026-01-15,420570,,1.32,-0.9,,0.9
2026-01-16,420570,,1.12,-0.5,,0.4
2026-01-19,420570,,1.03,-0.7,,0.7
2026-01-20,420570,,0.87,0.2,,-0.2
2026-01-21,420570,,0.91,-0.6,,0.6
2026-01-22,420570,,0.79,0.4,0.0,-0.4
2026-01-23,420570,,0.88,0.2,0.0,-0.2
2026-01-26,420570,,0.92,0.3,0.0,-0.3
2026-01-27,420570,,0.98,0.1,0.0,-0.1
2026-01-28,420570,,1.0,0.3,0.0,-0.3
2026-01-29,420570,,1.05,0.1,0.0,-0.1
2026-01-30,420570,8350.0,1.06,-0.2,0.0,0.2
2026-02-02,420570,,1.03,0.0,0.0,-0.1
2026-02-03,420570,,1.04,-0.0,0.0,0.0
2026-02-04,420570,,1.03,0.2,0.0,-0.2
2026-02-05,420570,,1.07,0.1,0.0,-0.1
2026-02-06,420570,,1.1,-0.2,0.0,0.2
2026-02-09,420570,,1.05,0.2,0.0,-0.2
2026-02-10,420570,,1.08,0.3,0.0,-0.3
2026-02-11,420570,,1.14,-0.1,0.0,0.1
2026-02-12,420570,,1.13,-0.0,0.0,0.0
2026-02-13,420570,,1.12,0.2,0.0,-0.2
2026-02-19,420570,,1.16,0.1,0.0,-0.1
2026-02-20,420570,,1.18,0.1,0.0,-0.1
2026-02-23,420570,,1.21,0.5,0.0,-0.5
2026-02-24,420570,,1.3,0.1,0.0,-0.1
2026-02-25,420570,,1.26,0.2,0.0,-0.2
2026-02-26,420570,,1.28,0.7,0.0,-0.7
2026-02-27,420570,8250.0,1.43,-0.2,0.0,0.2
2026-03-03,420570,,1.33,-0.5,0.0,0.5
2026-03-04,420570,,1.13,-0.4,0.0,0.4
2026-03-05,420570,,1.05,0.1,0.0,-0.1
2026-03-06,420570,,1.07,-0.2,0.0,0.1
2026-03-09,420570,,1.05,0.1,,-0.1
2026-03-10,420570,,1.08,0.1,,-0.1
2026-03-11,420570,,1.1,-0.1,,0.1
2026-03-12,420570,,1.09,0.1,0.0,-0.1
2026-03-13,420570,,1.11,0.1,0.0,-0.1
2026-03-16,420570,,1.12,0.1,0.0,-0.1
2026-03-17,420570,,1.15,0.3,0.0,-0.3
2026-03-18,420570,,1.21,-0.0,0.0,0.0
2026-03-19,420570,,1.21,0.0,0.0,-0.0
2026-03-20,420570,,1.21,-0.1,0.0,0.1
2026-03-23,420570,,1.2,0.2,0.0,-0.2
2026-03-24,420570,,1.23,-0.1,0.0,0.0
2026-03-25,420570,,1.22,-0.3,0.0,0.3
2026-03-26,420570,,1.16,-0.1,0.0,0.1
2026-03-27,420570,,1.15,-0.0,0.0,0.0
2026-03-30,420570,,1.15,-0.0,0.0,0.0
2026-03-31,420570,7630.0,1.14,-0.1,0.0,0.1
2026-04-01,420570,,1.12,-0.0,0.0,0.0
2026-04-02,420570,,1.12,0.0,0.0,-0.0
2026-04-03,420570,,1.12,-0.1,0.0,0.1
2026-04-06,420570,,1.1,-0.1,0.0,0.1
2026-04-07,420570,,1.09,0.1,0.0,-0.1
2026-04-08,420570,,1.11,0.2,0.0,-0.2
2026-04-09,420570,,1.15,-0.0,0.0,0.0
2026-04-10,420570,,1.14,0.4,0.0,-0.4
2026-04-13,420570,,1.22,0.0,0.0,-0.0
2026-04-14,420570,,1.23,-0.0,0.0,0.1
2026-04-15,420570,,1.22,0.4,0.0,-0.4
2026-04-16,420570,,1.3,0.7,0.0,-0.6
2026-04-17,420570,,1.44,0.2,0.0,-0.2
2026-04-20,420570,,1.47,0.0,0.0,-0.0
2026-04-21,420570,,1.47,-0.6,0.0,0.6
2026-04-22,420570,,1.36,0.3,0.0,-0.3
2026-04-23,420570,,1.41,0.4,0.0,-0.4
2026-04-24,420570,,1.49,-0.5,0.0,0.4
2026-04-27,420570,,1.4,-0.3,0.0,0.3
2026-04-28,420570,,1.34,-0.0,0.0,0.0
2026-04-29,420570,,1.34,0.5,0.0,-0.5
2026-04-30,420570,8260.0,1.44,-0.4,0.0,0.4
2026-05-04,420570,,1.34,0.6,0.0,-0.6
2026-05-06,420570,,1.46,-0.5,0.0,0.5
2026-05-07,420570,,1.35,-0.2,0.0,0.2
2026-05-08,420570,,1.31,0.0,0.0,-0.0
2026-05-11,420570,,1.32,-0.3,0.0,-0.0
2026-05-12,420570,,1.26,-0.3,0.0,-0.1
2026-05-13,420570,,1.17,-0.4,0.0,0.1
2026-05-14,420570,,1.08,-0.1,-0.0,0.1
2026-05-15,420570,,1.13,-0.6,-0.0,0.9
2026-05-18,420570,,1.13,2.6,0.0,-2.3
2026-05-19,420570,,1.76,-6.0,-0.0,6.8
2026-05-20,420570,,0.82,-0.4,-0.0,0.4
2026-05-21,420570,,0.67,0.3,0.0,-0.3
2026-05-22,420570,,0.72,1.6,0.2,-1.9
2026-05-26,420570,,1.0,1.9,0.0,-2.0
2026-05-27,420570,,1.32,0.7,-0.0,-0.8
2026-05-28,420570,,1.45,1.9,-0.0,-1.9
2026-05-29,420570,8790.0,1.81,-0.6,-0.0,0.5
2026-06-01,420570,,1.88,0.6,0.0,-0.6
2026-06-02,420570,,2.0,0.6,0.1,-0.8
2026-06-04,420570,,2.14,-0.9,0.0,1.0
2026-06-05,420570,,1.94,0.5,-0.0,-0.5
2026-06-08,420570,,2.04,0.7,-0.0,-0.7
2026-06-09,420570,,2.2,0.5,-0.0,-0.5
2026-06-10,420570,,2.31,0.0,0.0,-0.0
2026-06-11,420570,,2.32,-0.1,-0.0,0.1
2026-06-12,420570,,2.15,-0.8,0.0,0.8
2026-06-15,420570,,1.97,-1.3,0.0,1.4
2026-06-16,420570,,1.74,0.3,-0.0,-0.3
2026-06-17,420570,,1.8,-0.2,-0.0,0.2
2026-06-18,420570,,1.77,-0.1,0.0,0.1
2026-06-19,420570,,1.75,-0.1,0.0,0.2
2026-06-22,420570,,1.72,-0.1,0.0,0.0
2026-06-23,420570,,1.71,-1.0,-0.0,1.0
2026-06-24,420570,,1.48,0.1,0.0,-0.1
2026-06-25,420570,,1.49,-0.0,-0.0,0.0
2026-06-26,420570,,1.49,-0.2,-0.0,0.3
2026-06-29,420570,,1.44,0.3,0.0,-0.3
2026-06-30,420570,7490.0,1.51,0.4,-0.0,-0.5
2026-07-01,420570,,1.59,1.0,0.3,-1.4
2026-07-02,420570,,1.81,0.2,0.0,-0.4
2026-07-03,420570,,1.86,0.2,0.0,-0.1
2026-07-06,420570,,1.88,0.0,0.0,-0.0
2026-07-07,420570,,1.88,-0.1,-0.0,0.1
2026-07-08,420570,,1.86,0.2,0.0,-0.2
2026-07-09,420570,,1.9,0.2,0.0,-0.2
2026-07-10,420570,,1.94,0.1,0.0,-0.1
2026-07-13,420570,7950.0,1.96,0.3,0.0,-0.3
2025-07-14,420770,,1.55,-0.7,-0.6,1.3
2025-07-15,420770,,1.53,1.1,-0.6,-0.5
2025-07-16,420770,,1.58,0.5,-0.5,-0.0
2025-07-17,420770,,1.59,0.8,0.1,-1.5
2025-07-18,420770,,1.62,-0.2,0.4,-0.3
2025-07-21,420770,,1.64,-0.1,1.1,-1.2
2025-07-22,420770,,1.64,-0.4,-0.5,1.0
2025-07-23,420770,,1.62,-1.0,-0.3,0.9
2025-07-24,420770,,1.58,-0.2,0.4,-0.0
2025-07-25,420770,,1.57,0.1,-1.0,0.9
2025-07-28,420770,,1.58,0.7,-0.9,0.2
2025-07-29,420770,,1.61,0.5,-1.0,0.5
2025-07-30,420770,,1.63,0.8,-1.0,0.2
2025-07-31,420770,,1.69,6.8,9.6,-16.9
2025-08-01,420770,,1.91,2.1,2.3,-4.5
2025-08-04,420770,,1.98,-0.9,-0.5,1.4
2025-08-05,420770,,1.94,-1.4,-1.1,2.6
2025-08-06,420770,,1.88,0.3,-0.6,0.2
2025-08-07,420770,,1.89,0.4,-1.0,0.6
2025-08-08,420770,,1.89,4.4,-3.4,-1.1
2025-08-11,420770,,2.03,0.1,-1.4,1.3
2025-08-12,420770,,2.03,0.4,-1.3,0.9
2025-08-13,420770,,2.04,0.9,-1.8,0.9
2025-08-14,420770,,2.07,-0.3,-1.0,1.2
2025-08-18,420770,,2.05,-1.7,-0.3,2.9
2025-08-19,420770,,2.0,-3.4,-0.1,3.5
2025-08-20,420770,,1.9,-2.6,-0.2,2.9
2025-08-21,420770,,1.8,-0.9,-0.1,1.0
2025-08-22,420770,,1.77,-1.0,0.4,0.6
2025-08-25,420770,,1.74,3.2,1.1,-4.4
2025-08-26,420770,,1.85,-0.4,-0.7,1.0
2025-08-27,420770,,1.84,0.1,-0.2,0.1
2025-08-28,420770,,1.85,-0.6,0.4,0.2
2025-08-29,420770,27000.0,1.84,5.7,1.9,-7.6
2025-09-01,420770,,2.06,0.2,1.3,-1.5
2025-09-02,420770,,2.06,-0.2,0.1,0.0
2025-09-03,420770,,2.05,1.3,-0.1,-1.2
2025-09-04,420770,,2.09,1.0,-0.2,-0.7
2025-09-05,420770,,2.13,1.4,-0.4,-1.0
2025-09-08,420770,,2.17,2.7,0.2,-3.8
2025-09-09,420770,,2.27,12.2,1.7,-13.1
2025-09-10,420770,,2.61,-2.5,0.2,2.5
2025-09-11,420770,,2.52,18.9,-19.5,0.5
2025-09-12,420770,,3.01,-2.3,2.8,-0.3
2025-09-15,420770,,2.96,-1.9,-0.6,3.4
2025-09-16,420770,,2.88,-18.5,6.5,11.4
2025-09-17,420770,,2.46,-0.7,6.0,-6.2
2025-09-18,420770,,2.41,-5.0,-2.0,7.2
2025-09-19,420770,,2.3,-1.8,-7.6,9.4
2025-09-22,420770,,2.29,-1.7,0.0,1.2
2025-09-23,420770,,2.23,-2.3,6.4,-4.5
2025-09-24,420770,,2.19,4.6,0.1,-4.9
2025-09-25,420770,,2.33,-4.0,4.3,-0.3
2025-09-26,420770,,2.23,10.2,-0.3,-9.8
2025-09-29,420770,,2.45,4.4,0.5,-4.9
2025-09-30,420770,36100.0,2.54,11.7,-1.7,-9.9
2025-10-01,420770,,2.76,9.0,4.6,-15.0
2025-10-02,420770,,2.99,-16.5,1.7,14.3
2025-10-10,420770,,2.59,-7.9,-1.2,9.2
2025-10-13,420770,,2.44,-5.1,-1.1,5.0
2025-10-14,420770,,2.37,-4.7,-3.2,7.9
2025-10-15,420770,,2.25,9.0,-5.4,-1.5
2025-10-16,420770,,2.41,6.0,-6.9,2.4
2025-10-17,420770,,2.52,9.7,-1.7,-7.5
2025-10-20,420770,,2.73,-0.8,0.3,0.7
2025-10-21,420770,,2.69,-1.3,-0.5,2.9
2025-10-22,420770,,2.65,-1.2,-0.1,1.2
2025-10-23,420770,,2.62,-0.8,-2.8,2.0
2025-10-24,420770,,2.6,-6.4,0.1,4.0
2025-10-27,420770,,2.45,-2.5,0.5,1.9
2025-10-28,420770,,2.38,-9.8,0.3,9.5
2025-10-29,420770,,2.15,-4.5,1.1,3.3
2025-10-30,420770,,2.06,1.4,-2.0,-1.0
2025-10-31,420770,34600.0,2.09,-2.0,1.4,0.6
2025-11-03,420770,,2.03,0.1,1.2,-1.8
2025-11-04,420770,,2.04,0.1,0.5,-0.9
2025-11-05,420770,,2.06,-1.3,-0.4,1.7
2025-11-06,420770,,2.01,2.2,-0.4,-1.9
2025-11-07,420770,,2.07,0.1,3.0,-0.6
2025-11-10,420770,,2.08,0.1,0.6,-0.7
2025-11-11,420770,,2.07,0.5,-0.2,-0.3
2025-11-12,420770,,2.07,0.9,-0.8,-0.1
2025-11-13,420770,,2.1,-0.8,-0.3,1.1
2025-11-14,420770,,2.08,-1.4,-2.9,4.6
2025-11-17,420770,,2.04,1.1,0.0,-0.8
2025-11-18,420770,,2.09,0.2,-0.4,0.2
2025-11-19,420770,,2.11,-1.1,0.7,-0.2
2025-11-20,420770,,2.12,2.1,-0.3,-1.6
2025-11-21,420770,,2.19,-6.0,-0.3,6.3
2025-11-24,420770,,2.0,2.4,-1.4,-1.0
2025-11-25,420770,,2.09,3.4,0.3,-3.7
2025-11-26,420770,,2.21,-2.5,0.1,1.8
2025-11-27,420770,,2.14,0.7,0.2,-0.8
2025-11-28,420770,34600.0,2.14,2.4,1.6,-4.4
2025-12-01,420770,,2.22,30.7,10.2,-40.9
2025-12-02,420770,,2.94,-2.1,1.0,1.1
2025-12-03,420770,,2.89,1.4,-0.8,-0.5
2025-12-04,420770,,2.94,0.8,0.7,-1.5
2025-12-05,420770,,2.93,-1.9,1.1,0.7
2025-12-08,420770,,2.88,-1.4,-1.0,2.5
2025-12-09,420770,,2.83,1.5,-1.0,-0.6
2025-12-10,420770,,2.86,0.8,-1.2,0.3
2025-12-11,420770,,2.87,32.5,-33.2,0.6
2025-12-12,420770,,3.68,-8.0,4.7,3.2
2025-12-15,420770,,3.45,-3.2,-0.8,4.0
2025-12-16,420770,,3.25,-0.3,0.1,0.2
2025-12-17,420770,,3.28,-3.4,0.2,3.2
2025-12-18,420770,,3.18,-2.2,-0.2,2.2
2025-12-19,420770,,3.12,-0.7,1.2,-0.5
2025-12-22,420770,,3.1,0.0,0.4,-0.5
2025-12-23,420770,,3.1,-1.1,-0.2,1.3
2025-12-24,420770,,3.09,-1.0,-0.0,1.0
2025-12-26,420770,,3.05,0.1,0.1,-0.2
2025-12-29,420770,,2.98,-0.7,0.1,0.7
2025-12-30,420770,31500.0,2.96,-2.4,1.2,1.2
2026-01-02,420770,,2.9,5.3,0.3,-7.0
2026-01-05,420770,,3.04,-0.5,0.5,1.1
2026-01-06,420770,,3.01,2.4,-0.3,-2.3
2026-01-07,420770,,3.11,-4.2,0.5,3.7
2026-01-08,420770,,2.93,0.3,-0.2,0.9
2026-01-09,420770,,2.91,-2.3,-0.4,2.4
2026-01-12,420770,,2.82,1.6,-0.1,-1.1
2026-01-13,420770,,2.84,39.6,21.7,-62.2
2026-01-14,420770,,3.9,10.5,10.5,-25.3
2026-01-15,420770,,4.12,3.8,9.7,-14.4
2026-01-16,420770,,4.16,-8.4,38.2,-31.4
2026-01-19,420770,,3.96,32.7,17.8,-47.2
2026-01-20,420770,,4.3,12.3,13.7,-25.1
2026-01-21,420770,,4.5,8.7,7.2,-15.6
2026-01-22,420770,,4.57,20.4,3.3,-22.8
2026-01-23,420770,,4.91,-25.7,-21.1,48.4
2026-01-26,420770,,4.46,-1.5,1.7,0.0
2026-01-27,420770,,4.54,-24.7,17.6,7.0
2026-01-28,420770,,4.13,-14.7,19.7,-7.2
2026-01-29,420770,,3.93,-1.6,21.7,-22.5
2026-01-30,420770,53900.0,3.88,-9.5,5.0,4.1
2026-02-02,420770,,3.66,21.4,-23.6,1.7
2026-02-03,420770,,4.03,7.7,6.5,-14.5
2026-02-04,420770,,4.11,-18.3,29.6,-13.6
2026-02-05,420770,,3.86,-24.2,21.0,2.9
2026-02-06,420770,,3.51,-7.0,2.6,3.2
2026-02-09,420770,,3.4,8.8,16.3,-27.3
2026-02-10,420770,,3.51,-2.8,5.6,-3.6
2026-02-11,420770,,3.44,-1.3,1.3,0.2
2026-02-12,420770,,3.43,8.5,-16.3,7.7
2026-02-13,420770,,3.52,4.9,0.1,-4.5
2026-02-19,420770,,3.6,-6.0,17.9,-13.2
2026-02-20,420770,,3.52,-3.7,7.3,-3.5
2026-02-23,420770,,3.46,8.6,42.7,-51.6
2026-02-24,420770,,3.59,5.3,29.3,-34.0
2026-02-25,420770,,3.66,-23.9,-5.8,30.2
2026-02-26,420770,,3.29,4.7,31.5,-36.8
2026-02-27,420770,72000.0,3.51,-3.4,29.3,-25.3
2026-03-03,420770,,3.44,14.9,25.0,-38.5
2026-03-04,420770,,3.71,19.4,2.0,-20.2
2026-03-05,420770,,3.96,-4.5,15.6,-11.0
2026-03-06,420770,,3.85,-10.9,21.1,-10.4
2026-03-09,420770,,3.69,-4.3,-1.6,5.7
2026-03-10,420770,,3.67,-17.7,86.0,-68.0
2026-03-11,420770,,3.51,-1.3,18.8,-23.4
2026-03-12,420770,,3.51,-7.6,5.3,1.2
2026-03-13,420770,,3.4,-9.0,0.2,7.9
2026-03-16,420770,,3.34,-2.7,4.7,-1.4
2026-03-17,420770,,3.27,4.2,25.4,-29.4
2026-03-18,420770,,3.34,-3.5,36.9,-33.2
2026-03-19,420770,,3.37,2.0,21.3,-23.8
2026-03-20,420770,,3.38,-13.5,18.1,-4.2
2026-03-23,420770,,3.23,14.1,-1.5,-5.3
2026-03-24,420770,,3.33,-15.8,20.3,-0.5
2026-03-25,420770,,3.15,9.5,33.3,-40.2
2026-03-26,420770,,3.31,8.7,28.3,-30.4
2026-03-27,420770,,3.46,-2.4,50.2,-31.9
2026-03-30,420770,,3.57,-2.1,5.0,-3.0
2026-03-31,420770,72700.0,3.48,5.3,-6.0,-1.0
2026-04-01,420770,,3.61,32.3,31.6,-59.5
2026-04-02,420770,,4.04,-3.8,39.2,-35.5
2026-04-03,420770,,4.0,-30.7,43.7,-13.2
2026-04-06,420770,,3.62,-34.4,47.7,-12.1
2026-04-07,420770,,3.25,-16.4,21.9,-5.4
2026-04-08,420770,,3.07,0.6,-49.0,47.9
2026-04-09,420770,,2.98,-12.0,18.1,-6.5
2026-04-10,420770,,2.93,4.8,27.5,-32.1
2026-04-13,420770,,3.06,-6.5,14.4,-8.1
2026-04-14,420770,,2.91,-11.7,25.1,-12.0
2026-04-15,420770,,2.74,-22.4,3.5,19.3
2026-04-16,420770,,2.46,7.9,-26.1,21.0
2026-04-17,420770,,2.52,-0.1,11.3,-9.8
2026-04-20,420770,,2.54,-5.3,21.9,-15.7
2026-04-21,420770,,2.52,-20.7,59.4,-37.5
2026-04-22,420770,,2.42,5.2,-16.1,5.2
2026-04-23,420770,,2.38,-39.8,28.5,15.7
2026-04-24,420770,,1.8,38.1,21.7,-68.7
2026-04-27,420770,,2.3,-16.1,30.4,-13.0
2026-04-28,420770,,2.11,-15.1,45.1,-30.4
2026-04-29,420770,,2.09,-14.3,12.2,3.2
2026-04-30,420770,103900.0,1.94,-6.8,-4.4,6.6
2026-05-04,420770,,1.89,0.5,-3.6,3.4
2026-05-06,420770,,1.91,-15.0,-43.9,57.7
2026-05-07,420770,,1.68,15.0,-1.8,-14.4
2026-05-08,420770,,1.77,8.0,-3.8,-5.8
2026-05-11,420770,,1.83,32.3,16.0,-47.6
2026-05-12,420770,,2.13,37.9,54.6,-83.1
2026-05-13,420770,,2.47,-13.2,47.7,-39.9
2026-05-14,420770,,2.41,-5.7,23.4,-15.9
2026-05-15,420770,,2.33,4.2,47.8,-49.8
2026-05-18,420770,,2.32,-15.0,41.6,-32.0
2026-05-19,420770,,2.2,-13.4,14.7,-1.9
2026-05-20,420770,,2.1,0.5,10.1,-10.9
2026-05-21,420770,,2.11,-26.6,19.4,11.5
2026-05-22,420770,,1.91,-5.8,-56.9,60.8
2026-05-26,420770,,1.79,133.2,-33.5,-96.9
2026-05-27,420770,,2.65,28.3,-38.7,11.1
2026-05-28,420770,,2.71,-16.4,38.9,-23.0
2026-05-29,420770,141400.0,2.63,-9.9,66.1,-51.1
2026-06-01,420770,,2.58,93.9,-65.0,-31.1
2026-06-02,420770,,3.1,33.0,-26.0,-10.7
2026-06-04,420770,,3.32,39.8,38.9,-78.7
2026-06-05,420770,,3.59,-24.3,105.6,-70.9
2026-06-08,420770,,3.49,27.4,-28.8,-0.2
2026-06-09,420770,,3.65,9.7,-93.1,63.6
2026-06-10,420770,,3.7,35.5,6.0,-42.6
2026-06-11,420770,,3.91,-134.0,218.1,-80.4
2026-06-12,420770,,3.17,-57.6,59.3,-6.7
2026-06-15,420770,,2.86,-27.2,9.0,16.9
2026-06-16,420770,,2.72,-44.0,27.0,17.8
2026-06-17,420770,,2.47,-2.0,-19.9,21.7
2026-06-18,420770,,2.48,14.1,-4.0,-10.6
2026-06-19,420770,,2.56,0.2,-26.5,28.2
2026-06-22,420770,,2.57,90.3,20.9,-113.1
2026-06-23,420770,,3.13,-92.1,167.5,-75.3
2026-06-24,420770,,2.79,-90.2,157.9,-60.3
2026-06-25,420770,,2.29,-66.5,89.7,-25.8
2026-06-26,420770,,2.06,-69.9,122.1,-52.2
2026-06-29,420770,,1.69,-34.2,52.7,-21.2
2026-06-30,420770,192200.0,1.54,-2.2,38.9,-30.2
2026-07-01,420770,,1.54,-16.2,18.7,-2.2
2026-07-02,420770,,1.43,21.5,5.7,-24.6
2026-07-03,420770,,1.52,1.0,-0.1,-2.9
2026-07-06,420770,,1.5,8.7,-23.0,8.5
2026-07-07,420770,,1.54,118.9,-94.2,-25.6
2026-07-08,420770,,2.31,-9.4,14.7,-9.0
2026-07-09,420770,,2.27,12.3,-9.3,4.4
2026-07-10,420770,,2.38,5.4,-17.8,8.0
2026-07-13,420770,162000.0,2.59,-24.9,27.9,-5.4
2025-12-30,421800,,,,,
2026-01-30,421800,,,,,
2026-02-27,421800,,,,,
2026-03-31,421800,,,,,
2026-04-30,421800,,,,,
2026-05-29,421800,,,,,
2026-06-30,421800,,,,,
2026-07-13,421800,,,,,
2025-12-30,422040,,,,,
2026-01-30,422040,,,,,
2026-02-27,422040,,,,,
2026-03-31,422040,,,,,
2026-04-30,422040,,,,,
2026-05-29,422040,,,,,
2026-06-30,422040,,,,,
2026-07-13,422040,,,,,
2025-12-30,424140,,,,,
2026-01-30,424140,,,,,
2026-02-27,424140,,,,,
2026-03-31,424140,,,,,
2026-04-30,424140,,,,,
2026-05-29,424140,,,,,
2026-06-30,424140,,,,,
2026-07-13,424140,,,,,
2025-07-14,424760,,1.24,0.0,,-0.0
2025-07-15,424760,,1.29,-0.0,,-0.0
2025-07-16,424760,,1.29,-0.0,,0.0
2025-07-17,424760,,1.27,0.1,0.0,-0.1
2025-07-18,424760,,1.33,-0.1,-0.6,0.6
2025-07-21,424760,,1.29,-0.0,-0.4,0.4
2025-07-22,424760,,1.29,0.0,,-0.0
2025-07-23,424760,,1.3,-0.1,,0.1
2025-07-24,424760,,1.27,0.0,,-0.0
2025-07-25,424760,,1.28,-0.2,,0.3
2025-07-28,424760,,1.14,-0.0,,0.0
2025-07-29,424760,,1.12,-1.3,-1.9,3.2
2025-07-30,424760,,0.52,0.2,-0.2,0.1
2025-07-31,424760,,0.61,0.0,,-0.0
2025-08-01,424760,,0.63,0.1,,-0.1
2025-08-04,424760,,0.67,0.1,,-0.1
2025-08-05,424760,,0.75,0.1,,-0.1
2025-08-06,424760,,0.8,0.0,,0.3
2025-08-07,424760,,0.83,0.1,0.0,-0.1
2025-08-08,424760,,0.86,0.0,,-0.0
2025-08-11,424760,,0.87,-0.0,,0.0
2025-08-12,424760,,0.85,0.2,,-0.2
2025-08-13,424760,,0.95,0.1,,-0.1
2025-08-14,424760,,0.99,0.3,,-0.3
2025-08-18,424760,,1.15,-0.1,,0.1
2025-08-19,424760,,1.1,-0.0,,0.0
2025-08-20,424760,,1.09,0.0,,-0.0
2025-08-21,424760,,1.1,-0.0,,0.0
2025-08-22,424760,,1.09,0.1,,-0.1
2025-08-25,424760,,1.14,0.0,,-0.0
2025-08-26,424760,,1.14,-0.0,,0.0
2025-08-27,424760,,1.13,0.0,,-0.0
2025-08-28,424760,,1.14,0.0,,-0.0
2025-08-29,424760,941.0,1.15,0.0,0.0,-0.0
2025-09-01,424760,,1.16,-0.0,,0.0
2025-09-02,424760,,1.15,0.1,,-0.1
2025-09-03,424760,,1.18,0.1,,-0.1
2025-09-04,424760,,1.23,-0.1,,0.1
2025-09-05,424760,,1.2,-0.2,,0.2
2025-09-08,424760,,1.11,-0.2,,0.2
2025-09-09,424760,,1.01,-0.1,,0.1
2025-09-10,424760,,0.99,0.2,,-0.2
2025-09-11,424760,,1.1,-0.0,,0.0
2025-09-12,424760,,1.09,-0.0,0.0,0.1
2025-09-15,424760,,1.07,0.2,-0.1,-0.2
2025-09-16,424760,,1.2,-0.3,0.0,0.3
2025-09-17,424760,,1.05,-0.1,0.0,0.1
2025-09-18,424760,,0.99,0.0,,-0.0
2025-09-19,424760,,0.99,0.4,0.0,-0.3
2025-09-22,424760,,1.21,0.1,,-0.1
2025-09-23,424760,,1.25,0.1,0.0,-0.1
2025-09-24,424760,,1.32,-0.1,,0.1
2025-09-25,424760,,1.27,-0.1,,0.1
2025-09-26,424760,,1.24,-0.0,,0.1
2025-09-29,424760,,1.22,0.5,-2.2,2.0
2025-09-30,424760,944.0,1.49,-0.2,,0.1
2025-10-01,424760,,1.41,-0.0,,0.0
2025-10-02,424760,,1.39,0.0,,-0.0
2025-10-10,424760,,1.41,0.1,,-0.1
2025-10-13,424760,,1.49,-0.2,,0.2
2025-10-14,424760,,1.36,0.4,,-0.4
2025-10-15,424760,,1.61,0.2,,-0.2
2025-10-16,424760,,1.73,0.4,,-0.4
2025-10-17,424760,,1.95,0.1,-0.3,0.2
2025-10-20,424760,,2.02,-0.0,0.0,0.2
2025-10-21,424760,,2.0,0.0,-0.0,0.0
2025-10-22,424760,,2.03,0.4,0.1,-0.2
2025-10-23,424760,,2.23,0.1,,0.1
2025-10-24,424760,,2.27,-0.1,,0.1
2025-10-27,424760,,2.23,0.3,,-0.2
2025-10-28,424760,,2.36,0.0,,-0.1
2025-10-29,424760,,2.36,0.2,-0.2,0.0
2025-10-30,424760,,2.48,-0.0,,0.1
2025-10-31,424760,996.0,2.47,-0.2,,0.2
2025-11-03,424760,,2.38,-0.5,0.0,0.5
2025-11-04,424760,,2.13,-0.1,,0.2
2025-11-05,424760,,2.07,-0.0,0.0,0.1
2025-11-06,424760,,2.06,-0.7,-0.1,1.1
2025-11-07,424760,,1.78,3.2,-2.7,-0.4
2025-11-10,424760,,3.23,-4.0,-0.1,4.3
2025-11-11,424760,,1.82,0.7,0.0,-0.6
2025-11-12,424760,,2.11,1.3,0.0,-1.2
2025-11-13,424760,,2.66,-0.0,,0.1
2025-11-14,424760,,2.65,-2.5,-0.1,3.0
2025-11-17,424760,,1.82,0.5,0.1,-0.6
2025-11-18,424760,,2.12,-1.3,-0.0,1.4
2025-11-19,424760,,1.85,-0.5,0.0,-1.2
2025-11-20,424760,,1.63,-0.6,,0.5
2025-11-21,424760,,1.4,0.1,,-0.2
2025-11-24,424760,,1.46,0.6,0.0,-0.5
2025-11-25,424760,,1.71,0.2,,-0.2
2025-11-26,424760,,1.79,0.2,,-0.2
2025-11-27,424760,,1.87,0.3,,-0.3
2025-11-28,424760,1189.0,2.0,0.3,,-0.3
2025-12-01,424760,,2.12,0.5,,-0.6
2025-12-02,424760,,2.32,0.6,,-0.6
2025-12-03,424760,,2.61,0.0,,-0.1
2025-12-04,424760,,2.63,-0.0,,-0.1
2025-12-05,424760,,2.62,0.6,0.1,-0.6
2025-12-08,424760,,2.87,-0.4,,0.4
2025-12-09,424760,,2.68,0.2,,-0.1
2025-12-10,424760,,2.75,-0.7,,0.7
2025-12-11,424760,,2.46,-0.1,,0.0
2025-12-12,424760,,2.42,0.1,,-0.1
2025-12-15,424760,,2.46,0.2,,-0.2
2025-12-16,424760,,2.57,-0.1,,-0.0
2025-12-17,424760,,2.51,0.1,,-0.2
2025-12-18,424760,,2.57,0.1,,-0.1
2025-12-19,424760,,2.64,0.1,,-0.0
2025-12-22,424760,,2.7,0.1,,-0.1
2025-12-23,424760,,2.75,0.1,,-0.1
2025-12-24,424760,,2.77,0.3,,-0.2
2025-12-26,424760,,2.91,0.2,,-0.2
2025-12-29,424760,,3.03,0.1,,-0.1
2025-12-30,424760,1038.0,3.07,0.1,,-0.1
2026-01-02,424760,,3.13,0.0,0.0,-0.0
2026-01-05,424760,,3.14,-0.1,0.0,0.1
2026-01-06,424760,,3.08,-0.1,,0.1
2026-01-07,424760,,3.07,0.1,,-0.1
2026-01-08,424760,,3.1,-3.9,-0.2,4.1
2026-01-09,424760,,1.73,1.5,,-1.5
2026-01-12,424760,,2.34,1.2,,-1.4
2026-01-13,424760,,2.71,-0.3,,0.3
2026-01-14,424760,,2.63,0.2,,-0.1
2026-01-15,424760,,2.74,-0.0,,0.0
2026-01-16,424760,,2.72,0.2,,-0.5
2026-01-19,424760,,2.82,-0.1,,0.1
2026-01-20,424760,,2.76,0.3,,-0.3
2026-01-21,424760,,2.89,-0.4,0.0,0.4
2026-01-22,424760,,2.73,0.3,0.0,-0.4
2026-01-23,424760,,2.86,0.6,,-0.5
2026-01-26,424760,,3.14,0.7,,-0.6
2026-01-27,424760,,3.44,0.2,,-0.2
2026-01-28,424760,,3.54,-0.0,,0.0
2026-01-29,424760,,3.53,0.2,,-0.2
2026-01-30,424760,1088.0,3.62,0.2,,-0.2
2026-02-02,424760,,3.7,-0.0,,0.0
2026-02-03,424760,,3.68,0.0,,-0.0
2026-02-04,424760,,3.69,-0.0,,0.0
2026-02-05,424760,,3.68,-0.2,,0.2
2026-02-06,424760,,3.61,-0.0,,0.1
2026-02-09,424760,,3.59,-0.0,,-0.0
2026-02-10,424760,,3.58,0.1,,-0.1
2026-02-11,424760,,3.64,-0.5,,0.5
2026-02-12,424760,,3.44,0.2,,-0.2
2026-02-13,424760,,3.51,-0.1,,0.1
2026-02-19,424760,,3.48,-0.1,,0.1
2026-02-20,424760,,3.45,0.1,,-0.1
2026-02-23,424760,,3.5,0.1,,-0.1
2026-02-24,424760,,3.57,-0.1,,0.0
2026-02-25,424760,,3.54,-0.1,,0.1
2026-02-26,424760,,3.5,-0.2,,0.2
2026-02-27,424760,970.0,3.41,0.0,,-0.0
2026-03-03,424760,,3.41,-0.2,,0.2
2026-03-04,424760,,3.33,-0.3,,0.3
2026-03-05,424760,,3.18,0.0,-0.0,0.0
2026-03-06,424760,,3.18,0.0,-0.0,0.0
2026-03-09,424760,,3.19,0.1,,-0.1
2026-03-10,424760,,3.22,-0.3,,0.3
2026-03-11,424760,,3.07,0.2,0.0,-0.2
2026-03-12,424760,,3.15,0.1,,-0.1
2026-03-13,424760,,3.19,-0.0,,0.0
2026-03-16,424760,,3.18,-0.1,,0.1
2026-03-17,424760,,3.14,-0.1,-0.0,0.1
2026-03-18,424760,,3.05,-0.1,,0.1
2026-03-19,424760,,3.02,0.0,-0.0,-0.0
2026-03-20,424760,,3.03,0.1,,-0.1
2026-03-23,424760,,3.06,0.1,,-0.1
2026-03-24,424760,,3.09,0.2,-0.0,-0.2
2026-03-25,424760,,3.41,0.4,0.0,-0.4
2026-03-26,424760,,3.59,0.7,-0.0,-1.3
2026-03-27,424760,,3.91,0.1,0.2,-0.4
2026-03-30,424760,,3.94,0.3,1.1,-1.2
2026-03-31,424760,1276.0,4.07,-0.1,-0.1,0.2
2026-04-01,424760,,4.05,-0.3,,0.6
2026-04-02,424760,,3.93,0.1,-0.0,0.3
2026-04-03,424760,,3.99,0.0,,-0.0
2026-04-06,424760,,4.01,-0.0,,0.3
2026-04-07,424760,,4.01,0.1,,-0.1
2026-04-08,424760,,4.05,0.2,,-0.2
2026-04-09,424760,,4.13,-0.2,,0.2
2026-04-10,424760,,4.04,0.4,,-0.5
2026-04-13,424760,,4.2,0.0,,-0.1
2026-04-14,424760,,4.21,0.0,0.2,-0.2
2026-04-15,424760,,4.22,0.4,-0.1,1.8
2026-04-16,424760,,4.35,-1.6,-0.0,0.1
2026-04-17,424760,,3.89,-0.9,0.7,0.2
2026-04-20,424760,,3.61,-4.6,0.6,5.7
2026-04-21,424760,,2.28,-3.7,0.0,5.2
2026-04-22,424760,,1.5,-2.8,3.1,-1.2
2026-04-23,424760,,0.87,0.2,1.6,-1.7
2026-04-24,424760,,0.77,,,
2026-04-27,424760,,0.95,,,
2026-04-28,424760,,0.82,,,
2026-04-29,424760,,0.82,,,
2026-04-30,424760,1887.0,0.82,,,
2026-05-04,424760,,0.82,,,
2026-05-06,424760,,0.82,,,
2026-05-07,424760,,0.82,,,
2026-05-08,424760,,0.82,,,
2026-05-11,424760,,0.82,,,
2026-05-12,424760,,0.82,,,
2026-05-13,424760,,0.82,,,
2026-05-14,424760,,0.82,,,
2026-05-15,424760,,0.82,,,
2026-05-18,424760,,0.82,,,
2026-05-19,424760,,0.82,,,
2026-05-20,424760,,0.55,0.3,-1.3,1.9
2026-05-21,424760,,0.82,-0.7,0.2,0.5
2026-05-22,424760,,0.66,2.4,0.2,-3.0
2026-05-26,424760,,1.35,-2.0,0.1,2.3
2026-05-27,424760,,0.77,0.4,-0.0,-0.7
2026-05-28,424760,,0.89,-0.3,-0.3,0.9
2026-05-29,424760,2700.0,0.84,0.8,-0.0,-1.3
2026-06-01,424760,,1.18,1.4,-0.0,-1.8
2026-06-02,424760,,1.77,0.1,0.0,-0.3
2026-06-04,424760,,1.82,0.3,-0.0,-0.3
2026-06-05,424760,,1.92,0.1,-0.0,-0.1
2026-06-08,424760,,1.96,0.3,-0.0,-0.3
2026-06-09,424760,,2.1,-0.1,-0.0,0.1
2026-06-10,424760,,2.06,0.3,-0.0,-0.3
2026-06-11,424760,,2.17,-0.1,-0.0,0.0
2026-06-12,424760,,2.14,-0.4,-0.0,0.4
2026-06-15,424760,,1.96,-0.3,0.0,0.3
2026-06-16,424760,,1.83,0.7,-0.0,-0.8
2026-06-17,424760,,2.14,-0.0,-0.0,0.1
2026-06-18,424760,,2.19,-0.3,0.0,0.3
2026-06-19,424760,,2.09,-1.2,-0.0,1.2
2026-06-22,424760,,1.63,0.3,-0.0,-0.3
2026-06-23,424760,,1.76,0.0,0.0,-0.0
2026-06-24,424760,,1.78,-0.5,-0.0,0.6
2026-06-25,424760,,1.52,0.4,0.0,-0.4
2026-06-26,424760,,1.7,-0.2,-0.0,0.2
2026-06-29,424760,,1.61,-0.1,-0.0,0.1
2026-06-30,424760,2095.0,1.58,0.1,0.0,-0.2
2026-07-01,424760,,1.65,0.3,-0.0,-0.3
2026-07-02,424760,,1.79,-0.0,-0.0,0.0
2026-07-03,424760,,1.77,-0.3,-0.0,0.3
2026-07-06,424760,,1.64,-0.1,0.0,0.1
2026-07-07,424760,,1.58,0.1,-0.0,-0.0
2026-07-08,424760,,1.72,0.1,0.0,-0.1
2026-07-09,424760,,1.75,-0.1,,0.1
2026-07-10,424760,,1.73,0.2,-0.1,-0.1
2026-07-13,424760,1922.0,1.81,-0.1,,0.1
2025-07-14,424870,,0.74,-10.8,-0.0,9.4
2025-07-15,424870,,0.53,-12.4,,12.6
2025-07-16,424870,,0.22,11.5,0.1,-11.9
2025-07-17,424870,,0.56,-6.1,-0.0,4.7
2025-07-18,424870,,0.38,-8.9,-0.0,8.1
2025-07-21,424870,,0.24,5.9,0.0,-7.0
2025-07-22,424870,,0.46,2.5,-0.0,-2.4
2025-07-23,424870,,0.46,-0.8,-0.0,0.8
2025-07-24,424870,,0.39,-3.8,0.0,3.4
2025-07-25,424870,,0.29,2.4,,-2.6
2025-07-28,424870,,0.39,-8.4,,8.8
2025-07-29,424870,,0.21,1.3,,-1.3
2025-07-30,424870,,0.25,-2.9,0.0,4.7
2025-07-31,424870,,0.17,1.1,,-1.2
2025-08-01,424870,,0.24,-1.1,-0.0,2.3
2025-08-04,424870,,0.21,0.0,,0.3
2025-08-05,424870,,0.26,-0.8,-0.2,1.1
2025-08-06,424870,,0.25,2.0,-0.1,-1.4
2025-08-07,424870,,0.34,-1.6,,1.7
2025-08-08,424870,,0.29,-0.6,,0.5
2025-08-11,424870,,0.28,0.1,,-0.2
2025-08-12,424870,,0.36,-1.5,-0.0,1.9
2025-08-13,424870,,0.26,1.9,,-1.9
2025-08-14,424870,,0.34,0.9,0.0,-1.3
2025-08-18,424870,,0.4,-3.8,-0.0,4.0
2025-08-19,424870,,0.25,-2.0,-23.2,25.0
2025-08-20,424870,,0.18,0.5,-11.3,11.3
2025-08-21,424870,,0.2,-0.2,-25.2,25.1
2025-08-22,424870,,0.2,16.7,-17.1,0.3
2025-08-25,424870,,0.68,16.9,-5.1,-12.6
2025-08-26,424870,,1.12,1.8,-1.5,-0.1
2025-08-27,424870,,1.2,-1.9,,2.0
2025-08-28,424870,,1.16,-3.2,,3.3
2025-08-29,424870,5290.0,1.07,0.3,-0.1,-0.3
2025-09-01,424870,,1.08,-3.7,0.1,3.4
2025-09-02,424870,,0.99,-1.2,,1.2
2025-09-03,424870,,0.96,1.4,-0.0,-1.2
2025-09-04,424870,,1.0,2.1,-2.2,0.0
2025-09-05,424870,,1.05,11.4,1.5,-13.0
2025-09-08,424870,,1.32,-5.1,-1.5,6.5
2025-09-09,424870,,1.21,3.4,1.2,-4.8
2025-09-10,424870,,1.29,2.1,-0.8,-1.3
2025-09-11,424870,,1.35,3.9,,-3.7
2025-09-12,424870,,1.46,20.8,1.1,-15.8
2025-09-15,424870,,1.73,-4.6,0.0,3.9
2025-09-16,424870,,1.63,-3.1,,3.2
2025-09-17,424870,,1.56,1.7,,-1.8
2025-09-18,424870,,1.6,-2.3,0.6,-2.2
2025-09-19,424870,,1.5,0.9,2.2,0.5
2025-09-22,424870,,1.52,1.8,-0.1,-1.8
2025-09-23,424870,,1.51,1.7,0.1,-2.2
2025-09-24,424870,,1.54,-4.3,0.1,4.0
2025-09-25,424870,,1.44,4.3,-1.1,-4.0
2025-09-26,424870,,1.55,-1.2,-4.6,7.2
2025-09-29,424870,,1.52,7.1,0.0,-7.2
2025-09-30,424870,6470.0,1.69,24.8,6.8,-31.6
2025-10-01,424870,,2.31,-21.2,-1.1,22.5
2025-10-02,424870,,1.85,-28.0,-0.8,30.1
2025-10-10,424870,,1.45,5.3,,-5.3
2025-10-13,424870,,1.55,-26.7,0.3,26.3
2025-10-14,424870,,0.98,-1.6,-2.4,4.6
2025-10-15,424870,,0.95,7.2,2.6,-11.3
2025-10-16,424870,,1.06,-22.7,0.0,22.3
2025-10-17,424870,,0.59,7.8,0.9,-8.9
2025-10-20,424870,,0.77,13.7,0.5,-14.4
2025-10-21,424870,,1.06,-28.3,,28.1
2025-10-22,424870,,0.44,-3.4,-0.8,3.6
2025-10-23,424870,,0.36,-3.2,,3.2
2025-10-24,424870,,0.31,0.8,-4.1,3.5
2025-10-27,424870,,0.34,10.8,,-10.8
2025-10-28,424870,,0.59,-0.3,0.1,0.3
2025-10-29,424870,,0.59,-2.6,,2.8
2025-10-30,424870,,0.53,0.3,,-0.1
2025-10-31,424870,5840.0,0.53,1.5,,-1.6
2025-11-03,424870,,0.57,6.5,0.0,-6.4
2025-11-04,424870,,0.72,-1.2,-0.1,0.8
2025-11-05,424870,,0.69,-15.5,0.3,14.7
2025-11-06,424870,,0.34,-1.5,0.3,2.0
2025-11-07,424870,,0.32,-1.1,0.3,0.8
2025-11-10,424870,,0.3,-1.9,0.3,1.6
2025-11-11,424870,,0.21,0.4,0.2,-0.5
2025-11-12,424870,,0.24,9.1,0.3,-9.4
2025-11-13,424870,,0.47,54.1,0.1,-56.1
2025-11-14,424870,,1.67,24.0,5.5,-26.3
2025-11-17,424870,,2.16,-19.4,8.6,6.9
2025-11-18,424870,,1.8,26.3,-0.4,-21.9
2025-11-19,424870,,2.23,18.4,-2.8,-19.6
2025-11-20,424870,,2.59,3.9,-0.6,-3.5
2025-11-21,424870,,2.64,-19.3,1.4,19.2
2025-11-24,424870,,2.29,-8.2,-4.6,16.5
2025-11-25,424870,,2.14,8.4,0.3,-10.4
2025-11-26,424870,,2.27,25.2,-9.5,-15.4
2025-11-27,424870,,2.74,64.4,-16.8,-47.3
2025-11-28,424870,10830.0,3.72,-44.6,-0.3,42.9
2025-12-01,424870,,3.18,-10.0,-0.4,12.0
2025-12-02,424870,,3.0,-24.5,0.3,19.0
2025-12-03,424870,,2.71,-47.1,-0.1,46.1
2025-12-04,424870,,2.1,-26.2,0.0,26.1
2025-12-05,424870,,1.78,22.0,0.1,-23.0
2025-12-08,424870,,2.1,6.9,0.0,-5.6
2025-12-09,424870,,2.19,-30.7,-2.1,32.9
2025-12-10,424870,,1.84,12.5,2.8,-15.0
2025-12-11,424870,,1.96,199.9,-2.3,-196.5
2025-12-12,424870,,3.97,65.4,17.7,-79.2
2025-12-15,424870,,4.55,-75.9,17.5,53.7
2025-12-16,424870,,3.81,-27.0,16.8,8.6
2025-12-17,424870,,3.49,6.4,0.7,-7.9
2025-12-18,424870,,3.51,-3.8,0.8,2.7
2025-12-19,424870,,3.53,-4.1,0.1,4.0
2025-12-22,424870,,3.46,-9.4,0.5,8.0
2025-12-23,424870,,3.36,14.4,0.3,-15.1
2025-12-24,424870,,3.59,-17.0,0.6,18.6
2025-12-26,424870,,3.43,-3.0,10.2,-7.5
2025-12-29,424870,,3.4,-10.1,-1.9,12.1
2025-12-30,424870,13020.0,3.3,-140.2,9.3,123.5
2026-01-02,424870,,1.89,-13.0,-0.3,11.6
2026-01-05,424870,,1.78,22.3,-14.6,-2.5
2026-01-06,424870,,2.06,-40.8,7.8,32.0
2026-01-07,424870,,1.52,-5.8,0.5,5.3
2026-01-08,424870,,1.44,-8.8,-1.0,9.2
2026-01-09,424870,,1.35,4.3,1.4,-5.9
2026-01-12,424870,,1.43,-1.6,3.9,-3.3
2026-01-13,424870,,1.42,12.6,2.7,-13.9
2026-01-14,424870,,1.59,-34.9,2.5,32.4
2026-01-15,424870,,1.01,7.0,2.6,-10.0
2026-01-16,424870,,1.11,-4.5,-2.8,6.9
2026-01-19,424870,,1.06,4.1,2.1,-6.2
2026-01-20,424870,,1.16,-20.5,4.1,16.1
2026-01-21,424870,,0.82,32.8,-12.6,-20.1
2026-01-22,424870,,1.35,5.1,0.4,-5.4
2026-01-23,424870,,1.34,-15.7,0.0,15.4
2026-01-26,424870,,1.13,10.2,-5.9,-5.2
2026-01-27,424870,,1.21,8.8,-2.0,-6.9
2026-01-28,424870,,1.34,-8.2,-1.6,8.8
2026-01-29,424870,,1.2,13.0,-0.9,-12.5
2026-01-30,424870,10870.0,1.4,7.2,-0.1,-7.3
2026-02-02,424870,,1.56,-6.5,0.3,6.3
2026-02-03,424870,,1.45,3.0,-0.9,-2.3
2026-02-04,424870,,1.5,-2.2,0.3,1.8
2026-02-05,424870,,1.45,-6.0,0.2,5.5
2026-02-06,424870,,1.36,0.1,2.9,-2.6
2026-02-09,424870,,1.37,11.9,0.5,-16.1
2026-02-10,424870,,1.56,30.1,-0.1,-30.2
2026-02-11,424870,,2.1,11.7,0.4,-11.9
2026-02-12,424870,,2.22,8.0,0.1,-5.9
2026-02-13,424870,,2.3,5.5,-0.3,-5.2
2026-02-19,424870,,2.32,5.6,-0.8,-4.3
2026-02-20,424870,,2.4,-4.4,-0.1,4.2
2026-02-23,424870,,2.29,5.9,-0.1,-5.6
2026-02-24,424870,,2.42,-0.9,-0.9,2.5
2026-02-25,424870,,2.31,5.0,0.0,-5.0
2026-02-26,424870,,2.47,3.6,0.2,-3.8
2026-02-27,424870,8370.0,2.49,6.9,-0.5,-5.8
2026-03-03,424870,,2.57,7.7,-1.0,-6.1
2026-03-04,424870,,2.75,14.8,0.4,-15.3
2026-03-05,424870,,3.08,11.1,-1.6,-9.4
2026-03-06,424870,,3.31,-2.6,-0.1,2.7
2026-03-09,424870,,3.26,2.0,0.3,-2.3
2026-03-10,424870,,3.31,4.8,-0.1,-4.7
2026-03-11,424870,,3.37,-4.1,-0.5,4.6
2026-03-12,424870,,3.29,-42.4,7.0,34.8
2026-03-13,424870,,2.38,-18.3,13.0,5.3
2026-03-16,424870,,2.12,-24.1,-1.1,21.7
2026-03-17,424870,,1.62,4.2,7.0,-11.5
2026-03-18,424870,,1.75,4.1,4.6,-9.5
2026-03-19,424870,,1.82,-6.1,1.0,4.1
2026-03-20,424870,,1.64,1.2,-0.3,-0.9
2026-03-23,424870,,1.67,-1.0,-1.5,2.3
2026-03-24,424870,,1.65,1.3,1.8,-3.4
2026-03-25,424870,,1.69,2.3,-0.4,-1.8
2026-03-26,424870,,1.69,0.3,0.5,-1.3
2026-03-27,424870,,1.69,-47.9,-0.6,46.2
2026-03-30,424870,,1.05,-4.8,0.1,3.5
2026-03-31,424870,8570.0,0.97,-5.1,-1.0,6.0
2026-04-01,424870,,0.78,2.1,-1.3,-0.8
2026-04-02,424870,,0.81,0.1,-5.2,5.0
2026-04-03,424870,,0.8,3.7,0.8,-4.6
2026-04-06,424870,,1.05,1.5,0.2,-1.7
2026-04-07,424870,,0.8,3.1,-0.0,-0.3
2026-04-08,424870,,0.98,-3.6,-0.0,3.6
2026-04-09,424870,,0.84,-4.4,0.2,4.1
2026-04-10,424870,,0.73,2.6,0.0,-2.6
2026-04-13,424870,,0.81,0.2,0.2,-0.4
2026-04-14,424870,,0.79,2.0,-0.1,-2.1
2026-04-15,424870,,0.82,-3.2,-0.2,3.3
2026-04-16,424870,,0.74,-6.1,-0.0,6.4
2026-04-17,424870,,0.64,0.5,-3.8,2.8
2026-04-20,424870,,0.65,-2.5,0.2,2.4
2026-04-21,424870,,0.58,-2.4,0.0,2.8
2026-04-22,424870,,0.52,0.8,0.2,-1.1
2026-04-23,424870,,0.55,-3.3,-0.7,3.0
2026-04-24,424870,,0.47,-0.7,1.8,-0.9
2026-04-27,424870,,0.47,0.7,0.1,-0.9
2026-04-28,424870,,0.49,0.2,0.1,-0.2
2026-04-29,424870,,0.51,0.4,0.0,-0.4
2026-04-30,424870,6990.0,0.49,-3.3,0.1,1.8
2026-05-04,424870,,0.41,-1.1,-0.0,1.2
2026-05-06,424870,,0.39,-0.1,-1.0,0.9
2026-05-07,424870,,0.37,1.6,-0.7,-1.2
2026-05-08,424870,,0.42,1.8,0.2,-2.1
2026-05-11,424870,,0.44,8.1,-17.7,9.5
2026-05-12,424870,,0.55,2.5,0.6,-3.1
2026-05-13,424870,,0.6,-1.5,-2.0,3.5
2026-05-14,424870,,0.57,0.8,-0.0,-0.8
2026-05-15,424870,,0.6,-3.9,-2.1,6.2
2026-05-18,424870,,0.49,-1.6,-0.3,1.8
2026-05-19,424870,,0.44,6.8,-2.1,9.4
2026-05-20,424870,,0.66,6.9,-3.4,-1.0
2026-05-21,424870,,0.87,0.9,-2.9,1.6
2026-05-22,424870,,0.86,6.7,-3.8,-4.0
2026-05-26,424870,,1.05,-20.1,-3.9,28.9
2026-05-27,424870,,0.47,-1.6,-2.1,3.0
2026-05-28,424870,,0.47,-3.1,-4.5,8.7
2026-05-29,424870,6150.0,0.41,-0.4,-0.4,0.7
2026-06-01,424870,,0.34,-0.2,0.2,-0.6
2026-06-02,424870,,0.36,-2.5,-4.7,7.2
2026-06-04,424870,,0.35,4.7,-45.0,35.1
2026-06-05,424870,,0.42,5.6,-8.6,2.2
2026-06-08,424870,,1.28,11.6,-25.1,12.0
2026-06-09,424870,,1.69,6.3,-1.5,-5.4
2026-06-10,424870,,1.73,1.3,-2.1,0.8
2026-06-11,424870,,1.74,0.5,-0.1,-0.5
2026-06-12,424870,,1.77,8.5,-11.8,3.6
2026-06-15,424870,,2.0,5.1,-10.0,5.2
2026-06-16,424870,,2.1,6.2,-10.8,4.2
2026-06-17,424870,,2.24,12.8,-7.0,-6.0
2026-06-18,424870,,2.88,-5.4,-2.5,8.4
2026-06-19,424870,,2.61,-8.7,-2.2,10.9
2026-06-22,424870,,2.28,5.3,-2.5,1.6
2026-06-23,424870,,2.55,5.5,-2.4,-3.0
2026-06-24,424870,,2.69,4.6,-0.4,-4.3
2026-06-25,424870,,2.88,1.8,-0.0,-1.8
2026-06-26,424870,,2.99,2.0,-0.0,-2.0
2026-06-29,424870,,2.97,7.2,-0.0,-7.1
2026-06-30,424870,3580.0,3.26,-0.9,-0.0,1.0
2026-07-01,424870,,3.21,0.4,0.1,-0.6
2026-07-02,424870,,3.22,3.8,-0.0,-4.0
2026-07-03,424870,,3.47,1.3,-0.3,-0.9
2026-07-06,424870,,3.46,0.3,-0.3,0.0
2026-07-07,424870,,3.46,4.3,-0.5,-3.8
2026-07-08,424870,,3.66,0.8,-1.5,0.7
2026-07-09,424870,,3.7,2.9,-0.2,-2.7
2026-07-10,424870,,3.79,0.4,-0.4,0.1
2026-07-13,424870,3010.0,3.84,0.0,-0.4,0.4
2025-07-14,424960,,2.62,-1.6,-0.0,1.6
2025-07-15,424960,,2.56,0.6,0.0,-0.5
2025-07-16,424960,,2.63,0.1,,-0.2
2025-07-17,424960,,2.64,2.2,,-2.1
2025-07-18,424960,,2.82,-0.1,-1.2,1.3
2025-07-21,424960,,2.92,1.3,-0.0,-1.2
2025-07-22,424960,,3.05,-0.4,-0.0,0.5
2025-07-23,424960,,3.01,-0.2,,0.2
2025-07-24,424960,,2.94,-0.8,-0.0,0.7
2025-07-25,424960,,2.86,0.2,-0.0,-0.2
2025-07-28,424960,,2.86,1.3,0.0,-1.4
2025-07-29,424960,,2.99,0.5,0.0,-0.6
2025-07-30,424960,,3.03,1.0,0.0,-0.9
2025-07-31,424960,,3.12,-0.0,,0.0
2025-08-01,424960,,3.16,-0.6,-0.0,0.5
2025-08-04,424960,,3.08,0.6,-0.0,-0.6
2025-08-05,424960,,3.14,0.1,0.0,-0.2
2025-08-06,424960,,3.09,-2.1,0.1,2.0
2025-08-07,424960,,2.98,0.5,0.0,-0.5
2025-08-08,424960,,3.11,0.3,-0.1,-0.3
2025-08-11,424960,,3.08,0.3,-0.0,-0.3
2025-08-12,424960,,3.1,1.3,-0.0,-1.2
2025-08-13,424960,,3.27,0.8,0.0,-0.8
2025-08-14,424960,,3.33,-0.2,-0.0,0.1
2025-08-18,424960,,3.33,-0.4,,0.6
2025-08-19,424960,,3.27,-0.8,0.0,0.8
2025-08-20,424960,,3.15,-0.6,-0.0,0.6
2025-08-21,424960,,3.12,0.0,,-0.0
2025-08-22,424960,,3.12,-0.2,,0.2
2025-08-25,424960,,3.11,0.6,0.0,-0.6
2025-08-26,424960,,3.16,-0.7,-0.0,0.8
2025-08-27,424960,,3.11,3.4,0.0,-3.5
2025-08-28,424960,,3.46,0.4,-0.1,-0.6
2025-08-29,424960,8730.0,3.46,2.4,0.0,-2.3
2025-09-01,424960,,3.77,-1.8,-0.0,1.8
2025-09-02,424960,,3.6,-0.2,-0.0,0.2
2025-09-03,424960,,3.52,-22.9,-4.1,37.9
2025-09-04,424960,,1.88,3.4,-0.0,-3.7
2025-09-05,424960,,2.19,-1.8,-0.6,2.4
2025-09-08,424960,,1.91,3.7,-0.0,-3.6
2025-09-09,424960,,2.16,0.5,-0.0,-0.6
2025-09-10,424960,,2.21,0.3,0.0,-0.5
2025-09-11,424960,,2.19,1.8,0.0,-1.9
2025-09-12,424960,,2.35,1.9,-0.0,-1.9
2025-09-15,424960,,2.55,0.9,,-0.9
2025-09-16,424960,,2.62,0.6,0.0,-0.7
2025-09-17,424960,,2.74,-2.3,0.0,2.3
2025-09-18,424960,,2.44,0.0,0.0,-0.1
2025-09-19,424960,,2.44,1.3,0.0,-1.2
2025-09-22,424960,,2.54,12.4,0.1,-13.8
2025-09-23,424960,,3.39,-1.2,0.0,1.2
2025-09-24,424960,,3.3,-2.1,-0.0,1.9
2025-09-25,424960,,3.14,0.3,-0.0,-0.3
2025-09-26,424960,,3.16,-6.3,-0.0,6.3
2025-09-29,424960,,2.68,-0.1,0.0,0.1
2025-09-30,424960,8270.0,2.68,0.2,-0.0,-0.2
2025-10-01,424960,,2.69,0.5,-0.0,-0.9
2025-10-02,424960,,2.75,3.4,-0.0,-3.5
2025-10-10,424960,,3.0,4.4,-0.0,-4.6
2025-10-13,424960,,3.32,3.6,-0.0,-4.0
2025-10-14,424960,,3.58,0.6,-0.0,-0.4
2025-10-15,424960,,3.62,6.0,-0.7,-5.6
2025-10-16,424960,,4.09,15.0,-0.8,-14.6
2025-10-17,424960,,5.13,-1.4,-0.3,0.6
2025-10-20,424960,,5.03,1.9,-0.0,-2.0
2025-10-21,424960,,5.17,-1.2,0.0,1.2
2025-10-22,424960,,5.06,-4.3,-0.0,4.2
2025-10-23,424960,,4.72,-6.6,0.0,6.5
2025-10-24,424960,,4.22,-3.4,0.0,2.9
2025-10-27,424960,,3.96,-1.2,0.0,1.1
2025-10-28,424960,,3.87,-2.3,0.0,2.3
2025-10-29,424960,,3.69,-4.5,0.0,4.5
2025-10-30,424960,,3.33,-2.6,-0.0,2.6
2025-10-31,424960,8270.0,3.12,3.6,,-3.5
2025-11-03,424960,,3.4,-9.9,-0.0,10.2
2025-11-04,424960,,2.67,-0.4,0.0,0.3
2025-11-05,424960,,2.65,-3.8,-0.0,4.2
2025-11-06,424960,,2.3,-1.0,-0.0,1.0
2025-11-07,424960,,2.22,-0.8,-0.0,0.8
2025-11-10,424960,,2.15,-0.0,-0.2,0.3
2025-11-11,424960,,2.15,-0.3,,0.3
2025-11-12,424960,,2.12,2.2,,-2.1
2025-11-13,424960,,2.31,-0.4,0.0,0.3
2025-11-14,424960,,2.28,0.0,-0.0,-0.9
2025-11-17,424960,,2.28,-1.2,-0.0,1.2
2025-11-18,424960,,2.18,-1.6,0.0,1.5
2025-11-19,424960,,2.04,-0.2,-0.0,0.3
2025-11-20,424960,,2.12,1.1,-0.0,-1.2
2025-11-21,424960,,2.21,-0.0,0.0,0.0
2025-11-24,424960,,2.21,-0.5,-0.0,0.5
2025-11-25,424960,,2.17,0.5,,-0.5
2025-11-26,424960,,2.22,1.9,,-2.8
2025-11-27,424960,,2.38,0.6,,-0.6
2025-11-28,424960,8140.0,2.43,5.5,0.0,-5.5
2025-12-01,424960,,2.87,3.8,0.0,-3.6
2025-12-02,424960,,3.18,1.3,-0.0,-1.3
2025-12-03,424960,,3.28,1.4,-0.2,-1.1
2025-12-04,424960,,3.41,2.1,0.0,-1.1
2025-12-05,424960,,3.57,1.9,0.0,-1.9
2025-12-08,424960,,3.69,1.0,1.5,-2.7
2025-12-09,424960,,3.76,1.5,0.0,-0.7
2025-12-10,424960,,3.87,0.1,-0.0,-0.1
2025-12-11,424960,,3.88,12.3,1.4,-13.6
2025-12-12,424960,,4.78,-1.9,0.0,2.2
2025-12-15,424960,,4.64,-1.3,-0.0,1.3
2025-12-16,424960,,4.32,-5.6,-0.1,5.6
2025-12-17,424960,,3.93,-5.9,-0.2,4.8
2025-12-18,424960,,3.5,0.5,-0.0,-0.5
2025-12-19,424960,,3.56,3.9,0.0,-3.9
2025-12-22,424960,,3.85,2.3,-0.0,-2.3
2025-12-23,424960,,4.01,-2.9,-0.0,2.8
2025-12-24,424960,,3.8,0.9,-0.0,-0.7
2025-12-26,424960,,3.88,-2.4,,2.3
2025-12-29,424960,,3.7,11.5,,-9.9
2025-12-30,424960,8410.0,4.49,-5.1,-0.0,5.3
2026-01-02,424960,,4.12,5.2,,-5.1
2026-01-05,424960,,4.47,-0.6,-0.0,0.3
2026-01-06,424960,,4.45,-3.2,-0.0,3.3
2026-01-07,424960,,4.22,-3.0,,3.4
2026-01-08,424960,,4.0,-10.1,-0.0,8.3
2026-01-09,424960,,3.27,-1.9,0.0,2.1
2026-01-12,424960,,3.13,4.4,0.0,-4.4
2026-01-13,424960,,3.45,0.5,-0.0,-0.5
2026-01-14,424960,,3.49,3.4,0.0,-2.6
2026-01-15,424960,,3.72,9.3,-0.0,-7.7
2026-01-16,424960,,4.38,-6.2,-0.0,6.3
2026-01-19,424960,,3.93,-0.6,-2.4,2.6
2026-01-20,424960,,3.88,3.6,-0.0,-5.6
2026-01-21,424960,,4.14,-2.2,-0.0,2.1
2026-01-22,424960,,3.97,5.9,-0.0,-5.0
2026-01-23,424960,,4.38,6.1,-0.0,-3.5
2026-01-26,424960,,4.81,1.4,-0.0,-1.7
2026-01-27,424960,,4.91,-0.7,0.0,-1.2
2026-01-28,424960,,4.85,2.8,-0.0,-2.8
2026-01-29,424960,,5.04,3.9,,-2.2
2026-01-30,424960,8200.0,5.31,-10.9,-0.0,7.9
2026-02-02,424960,,4.51,-4.2,-0.0,4.1
2026-02-03,424960,,4.22,8.7,-0.0,-8.6
2026-02-04,424960,,4.87,-0.5,0.0,0.6
2026-02-05,424960,,4.8,-10.2,-0.0,10.2
2026-02-06,424960,,4.01,-1.3,-0.3,1.8
2026-02-09,424960,,3.89,-1.2,0.1,1.5
2026-02-10,424960,,3.8,2.2,,-2.2
2026-02-11,424960,,3.97,0.1,,-0.2
2026-02-12,424960,,3.98,-1.0,,0.9
2026-02-13,424960,,3.9,-2.7,,2.7
2026-02-19,424960,,3.68,0.9,,-0.8
2026-02-20,424960,,3.75,-1.3,,1.3
2026-02-23,424960,,3.65,-0.9,,0.9
2026-02-24,424960,,3.57,1.0,,-1.0
2026-02-25,424960,,3.65,-1.7,,1.7
2026-02-26,424960,,3.51,0.9,,-0.6
2026-02-27,424960,7160.0,3.58,-1.7,,1.7
2026-03-03,424960,,3.44,2.0,,-2.0
2026-03-04,424960,,3.6,-3.5,,3.4
2026-03-05,424960,,3.29,2.8,,-2.8
2026-03-06,424960,,3.55,0.8,,-0.7
2026-03-09,424960,,3.62,-0.2,-0.2,0.4
2026-03-10,424960,,3.6,1.3,,-1.3
2026-03-11,424960,,3.77,0.4,,-0.4
2026-03-12,424960,,3.81,-0.3,,0.2
2026-03-13,424960,,3.79,0.7,,-0.7
2026-03-16,424960,,3.85,0.5,,-0.5
2026-03-17,424960,,3.89,1.3,,-1.2
2026-03-18,424960,,4.01,-0.5,,0.3
2026-03-19,424960,,3.97,0.4,,-1.3
2026-03-20,424960,,4.03,-0.7,,0.7
2026-03-23,424960,,3.97,0.8,,-0.4
2026-03-24,424960,,4.04,1.2,,-1.1
2026-03-25,424960,,4.14,-1.0,,1.0
2026-03-26,424960,,4.05,-1.8,,2.0
2026-03-27,424960,,3.9,-0.1,,0.2
2026-03-30,424960,,3.89,0.4,,-0.4
2026-03-31,424960,6450.0,3.93,-0.7,,0.7
2026-04-01,424960,,3.88,1.7,,-1.7
2026-04-02,424960,,4.02,-1.0,,1.1
2026-04-03,424960,,3.93,1.4,,-2.1
2026-04-06,424960,,4.06,-1.7,,2.4
2026-04-07,424960,,3.89,0.0,,0.0
2026-04-08,424960,,3.89,2.3,,-2.4
2026-04-09,424960,,4.1,-1.2,,1.1
2026-04-10,424960,,3.99,0.8,,-0.8
2026-04-13,424960,,4.06,-0.2,,0.2
2026-04-14,424960,,4.04,1.8,,-1.7
2026-04-15,424960,,4.2,0.4,,-0.4
2026-04-16,424960,,4.23,0.6,,-0.6
2026-04-17,424960,,4.28,-0.4,,0.3
2026-04-20,424960,,4.24,0.0,,-0.2
2026-04-21,424960,,4.25,-0.2,,0.3
2026-04-22,424960,,4.23,0.8,,-0.9
2026-04-23,424960,,4.3,-1.0,,1.2
2026-04-24,424960,,4.21,1.2,,-1.2
2026-04-27,424960,,4.31,-0.7,,0.9
2026-04-28,424960,,4.26,0.0,,-0.1
2026-04-29,424960,,4.26,-0.3,-0.1,0.6
2026-04-30,424960,6810.0,4.24,-0.4,0.0,0.4
2026-05-04,424960,,4.2,1.7,-0.0,-1.7
2026-05-06,424960,,4.35,-1.3,-0.0,1.3
2026-05-07,424960,,4.24,-3.2,-0.0,3.3
2026-05-08,424960,,3.96,2.0,-0.0,-2.0
2026-05-11,424960,,4.13,-6.5,0.0,6.0
2026-05-12,424960,,3.63,-4.2,-0.0,4.4
2026-05-13,424960,,3.27,2.5,-0.0,-2.7
2026-05-14,424960,,3.48,-1.1,0.0,1.0
2026-05-15,424960,,3.4,-5.4,-0.0,6.0
2026-05-18,424960,,2.81,-0.3,0.0,0.3
2026-05-19,424960,,2.77,-0.0,-0.0,0.0
2026-05-20,424960,,2.77,0.6,-0.0,-0.5
2026-05-21,424960,,2.83,1.0,-0.0,-1.0
2026-05-22,424960,,2.95,2.3,0.0,-2.3
2026-05-26,424960,,3.15,-0.6,0.0,0.5
2026-05-27,424960,,3.09,-1.5,0.0,1.5
2026-05-28,424960,,2.94,-1.2,-0.0,1.2
2026-05-29,424960,5660.0,2.82,0.0,-0.0,-0.0
2026-06-01,424960,,2.82,1.3,-0.0,-1.3
2026-06-02,424960,,2.96,1.7,-0.0,-1.7
2026-06-04,424960,,3.17,-0.8,0.0,0.7
2026-06-05,424960,,3.08,0.3,-0.0,-0.3
2026-06-08,424960,,3.11,0.4,-0.0,-0.4
2026-06-09,424960,,3.17,0.6,-0.0,-0.6
2026-06-10,424960,,3.25,-0.8,0.0,0.8
2026-06-11,424960,,3.15,0.1,-0.0,-0.0
2026-06-12,424960,,3.16,1.0,0.0,-1.1
2026-06-15,424960,,3.29,-0.7,-0.0,0.6
2026-06-16,424960,,3.22,0.1,0.0,-0.1
2026-06-17,424960,,3.23,0.8,-0.2,-0.7
2026-06-18,424960,,3.33,-0.3,0.0,0.4
2026-06-19,424960,,3.29,-0.0,-0.0,0.0
2026-06-22,424960,,3.29,0.4,-0.0,-0.6
2026-06-23,424960,,3.38,0.1,0.0,-0.3
2026-06-24,424960,,3.39,0.4,0.0,-0.4
2026-06-25,424960,,3.45,-1.5,-0.0,1.5
2026-06-26,424960,,3.26,-2.3,0.0,2.3
2026-06-29,424960,,2.96,2.2,-0.0,-2.1
2026-06-30,424960,4150.0,3.28,-0.2,0.0,0.2
2026-07-01,424960,,3.26,0.0,-0.0,-0.0
2026-07-02,424960,,3.26,-0.3,0.0,0.3
2026-07-03,424960,,3.21,0.2,0.2,-0.3
2026-07-06,424960,,3.24,-0.1,0.0,0.1
2026-07-07,424960,,3.22,0.0,-0.0,-0.0
2026-07-08,424960,,3.22,0.1,0.0,-0.1
2026-07-09,424960,,3.25,0.3,0.0,-0.3
2026-07-10,424960,,3.29,0.3,-0.0,-0.3
2026-07-13,424960,3580.0,3.33,-0.2,0.0,0.2
2025-07-14,424980,,1.01,-0.6,,0.6
2025-07-15,424980,,0.9,-0.2,,0.2
2025-07-16,424980,,0.85,0.0,0.0,-0.1
2025-07-17,424980,,0.85,-0.2,0.0,0.2
2025-07-18,424980,,0.81,-0.1,0.0,0.3
2025-07-21,424980,,0.79,0.1,0.0,-0.0
2025-07-22,424980,,0.8,-0.2,0.0,0.1
2025-07-23,424980,,0.76,0.0,0.0,-0.0
2025-07-24,424980,,0.77,-0.2,0.0,0.3
2025-07-25,424980,,0.72,-0.3,0.0,0.3
2025-07-28,424980,,0.65,0.1,0.0,-0.1
2025-07-29,424980,,0.68,0.4,0.0,-1.1
2025-07-30,424980,,0.76,0.2,0.0,-0.2
2025-07-31,424980,,0.8,0.2,0.0,-0.2
2025-08-01,424980,,0.83,-0.1,0.0,0.1
2025-08-04,424980,,0.81,-0.1,0.0,0.1
2025-08-05,424980,,0.78,-0.0,0.0,0.0
2025-08-06,424980,,0.78,0.1,0.0,-0.1
2025-08-07,424980,,0.79,0.3,0.0,-0.3
2025-08-08,424980,,0.86,1.2,0.0,-1.1
2025-08-11,424980,,1.1,0.5,0.0,-0.4
2025-08-12,424980,,1.19,0.2,0.0,-0.2
2025-08-13,424980,,1.23,0.5,0.0,-0.6
2025-08-14,424980,,1.34,0.4,0.0,-0.4
2025-08-18,424980,,1.41,-0.5,0.0,0.5
2025-08-19,424980,,1.33,-0.3,0.0,0.3
2025-08-20,424980,,1.24,-0.6,0.0,0.5
2025-08-21,424980,,1.12,-0.0,0.0,0.1
2025-08-22,424980,,1.11,-0.2,-0.0,0.2
2025-08-25,424980,,1.06,0.1,0.0,-0.1
2025-08-26,424980,,1.08,-0.0,0.0,0.0
2025-08-27,424980,,1.08,0.0,0.0,-0.0
2025-08-28,424980,,1.08,-0.0,0.0,0.0
2025-08-29,424980,7520.0,1.08,-0.1,0.0,0.1
2025-09-01,424980,,1.08,-0.3,0.0,0.2
2025-09-02,424980,,1.0,-0.1,0.0,-0.1
2025-09-03,424980,,1.0,0.2,0.0,-0.2
2025-09-04,424980,,1.05,0.2,0.0,-0.1
2025-09-05,424980,,1.1,0.0,0.0,-0.0
2025-09-08,424980,,1.11,0.1,0.0,-0.1
2025-09-09,424980,,1.12,-1.7,-0.0,1.7
2025-09-10,424980,,0.84,1.2,0.0,-1.1
2025-09-11,424980,,1.09,0.2,0.0,-0.2
2025-09-12,424980,,1.13,3.7,-0.0,-3.4
2025-09-15,424980,,1.86,1.3,-0.0,-1.2
2025-09-16,424980,,2.1,-0.8,,0.8
2025-09-17,424980,,1.96,0.7,,-0.7
2025-09-18,424980,,2.09,1.0,,-1.0
2025-09-19,424980,,2.27,-0.1,,-0.0
2025-09-22,424980,,2.24,2.1,,-3.4
2025-09-23,424980,,2.62,-0.0,,-0.0
2025-09-24,424980,,2.62,1.3,,-1.0
2025-09-25,424980,,2.65,0.7,,-0.5
2025-09-26,424980,,2.45,0.2,,0.1
2025-09-29,424980,,2.5,0.4,,-0.4
2025-09-30,424980,8930.0,2.57,-0.2,,0.6
2025-10-01,424980,,2.53,0.7,,-0.7
2025-10-02,424980,,2.66,3.1,,-2.8
2025-10-10,424980,,2.84,-0.4,,0.5
2025-10-13,424980,,2.79,0.7,,-0.7
2025-10-14,424980,,2.91,-1.5,,1.5
2025-10-15,424980,,2.66,0.2,,-0.2
2025-10-16,424980,,2.7,-0.5,,0.5
2025-10-17,424980,,2.61,-0.2,,-0.5
2025-10-20,424980,,2.58,1.3,,-1.3
2025-10-21,424980,,2.81,-0.5,,0.4
2025-10-22,424980,,2.72,-0.5,,0.2
2025-10-23,424980,,2.62,-0.2,,0.1
2025-10-24,424980,,2.59,-0.4,,0.2
2025-10-27,424980,,2.52,0.5,,-0.8
2025-10-28,424980,,2.62,-0.3,,0.2
2025-10-29,424980,,2.56,0.2,,-1.9
2025-10-30,424980,,2.68,2.9,0.1,-2.9
2025-10-31,424980,10930.0,3.15,1.0,,-1.0
2025-11-03,424980,,3.31,-3.1,-0.0,2.2
2025-11-04,424980,,2.83,-0.0,-0.0,-0.0
2025-11-05,424980,,2.82,1.5,-0.0,-1.5
2025-11-06,424980,,3.06,2.9,-0.0,-2.9
2025-11-07,424980,,3.52,-0.1,-2.3,2.6
2025-11-10,424980,,3.5,0.9,0.0,-0.9
2025-11-11,424980,,3.61,0.3,0.0,-0.4
2025-11-12,424980,,3.67,0.1,0.0,-0.3
2025-11-13,424980,,3.68,-1.4,-0.0,1.4
2025-11-14,424980,,3.45,-2.3,-0.0,2.3
2025-11-17,424980,,3.05,0.5,0.0,-0.6
2025-11-18,424980,,3.14,-0.3,,0.0
2025-11-19,424980,,3.12,0.1,,-0.2
2025-11-20,424980,,3.12,-0.1,0.0,0.0
2025-11-21,424980,,3.1,-0.9,0.0,0.8
2025-11-24,424980,,2.92,-0.4,0.0,0.3
2025-11-25,424980,,2.84,-0.0,,0.0
2025-11-26,424980,,2.83,-0.1,,0.1
2025-11-27,424980,,2.82,-0.1,,0.0
2025-11-28,424980,8550.0,2.8,0.1,0.0,-0.2
2025-12-01,424980,,2.82,-0.2,,0.2
2025-12-02,424980,,2.78,-0.1,,0.2
2025-12-03,424980,,2.77,-0.1,,0.1
2025-12-04,424980,,2.75,-1.5,,1.4
2025-12-05,424980,,2.44,0.1,,-0.1
2025-12-08,424980,,2.46,-0.1,,0.1
2025-12-09,424980,,2.44,0.3,,-0.3
2025-12-10,424980,,2.5,-0.0,,-0.0
2025-12-11,424980,,2.49,0.7,,-0.4
2025-12-12,424980,,2.64,-0.6,,0.5
2025-12-15,424980,,2.51,-0.2,,0.1
2025-12-16,424980,,2.47,-0.3,,0.3
2025-12-17,424980,,2.4,0.3,,-0.0
2025-12-18,424980,,2.45,-0.0,,0.1
2025-12-19,424980,,2.45,0.2,,0.2
2025-12-22,424980,,2.49,1.1,,-0.3
2025-12-23,424980,,2.71,-0.3,,0.3
2025-12-24,424980,,2.65,0.1,,0.1
2025-12-26,424980,,2.68,0.6,,0.2
2025-12-29,424980,,2.81,0.7,,-0.6
2025-12-30,424980,8210.0,2.94,0.2,,-0.2
2026-01-02,424980,,2.99,1.0,,-1.0
2026-01-05,424980,,3.19,0.1,,-0.1
2026-01-06,424980,,3.21,-0.1,,0.1
2026-01-07,424980,,3.19,-0.2,,0.2
2026-01-08,424980,,3.15,-0.2,,0.2
2026-01-09,424980,,3.12,3.7,0.7,-4.1
2026-01-12,424980,,3.81,2.4,1.7,-4.1
2026-01-13,424980,,4.24,3.8,1.0,-5.2
2026-01-14,424980,,4.81,1.3,-0.0,-3.8
2026-01-15,424980,,4.98,4.1,,-4.0
2026-01-16,424980,,5.59,-0.8,,0.4
2026-01-19,424980,,5.47,-0.4,-0.0,0.2
2026-01-20,424980,,5.42,-2.5,,2.7
2026-01-21,424980,,5.06,2.5,-1.0,1.4
2026-01-22,424980,,5.39,-3.3,,3.4
2026-01-23,424980,,4.98,-1.3,-0.0,3.1
2026-01-26,424980,,4.81,0.1,-0.0,0.3
2026-01-27,424980,,4.83,-0.6,0.1,0.3
2026-01-28,424980,,4.75,2.2,0.0,-2.2
2026-01-29,424980,,5.02,0.4,0.1,-0.4
2026-01-30,424980,14360.0,5.08,-2.1,,2.1
2026-02-02,424980,,4.83,3.6,-0.1,-2.7
2026-02-03,424980,,5.25,3.2,0.0,-4.5
2026-02-04,424980,,5.62,1.3,-0.6,-1.3
2026-02-05,424980,,5.76,0.5,0.0,-0.5
2026-02-06,424980,,5.82,1.9,0.0,-2.1
2026-02-09,424980,,6.05,0.1,2.7,-2.6
2026-02-10,424980,,6.06,-2.9,-1.7,4.6
2026-02-11,424980,,5.74,-1.9,0.1,1.9
2026-02-12,424980,,5.52,0.4,0.0,-0.3
2026-02-13,424980,,5.57,1.6,-0.7,-0.7
2026-02-19,424980,,5.78,0.8,0.1,1.4
2026-02-20,424980,,5.88,0.8,-1.3,0.5
2026-02-23,424980,,5.99,-1.5,0.0,1.6
2026-02-24,424980,,5.77,2.7,-0.0,-1.7
2026-02-25,424980,,6.14,-1.7,0.0,1.7
2026-02-26,424980,,5.92,-2.0,0.7,1.3
2026-02-27,424980,13690.0,5.65,-12.4,-0.2,12.0
2026-03-03,424980,,4.21,3.2,-0.0,-3.2
2026-03-04,424980,,4.62,2.1,0.0,-2.2
2026-03-05,424980,,5.01,6.1,,-6.3
2026-03-06,424980,,5.86,0.2,,-0.2
2026-03-09,424980,,5.9,-1.5,-0.1,1.6
2026-03-10,424980,,5.67,1.8,,-1.8
2026-03-11,424980,,5.91,1.9,0.7,-2.7
2026-03-12,424980,,6.15,2.4,0.6,-3.0
2026-03-13,424980,,6.44,-1.3,0.0,1.3
2026-03-16,424980,,6.29,0.3,,0.1
2026-03-17,424980,,6.32,-0.1,0.0,0.1
2026-03-18,424980,,6.26,1.6,-0.1,-0.9
2026-03-19,424980,,6.45,-0.8,-0.0,0.9
2026-03-20,424980,,6.35,0.5,-0.6,0.0
2026-03-23,424980,,6.42,0.6,0.0,-0.5
2026-03-24,424980,,6.49,0.8,,-0.7
2026-03-25,424980,,6.58,1.8,0.2,-0.3
2026-03-26,424980,,6.8,-1.1,0.0,1.1
2026-03-27,424980,,6.66,0.2,0.0,-0.1
2026-03-30,424980,,6.68,-0.3,0.0,0.3
2026-03-31,424980,11200.0,6.63,-1.2,0.0,1.2
2026-04-01,424980,,6.47,0.4,,-0.4
2026-04-02,424980,,6.52,-1.0,-0.0,0.9
2026-04-03,424980,,6.38,-0.7,,0.7
2026-04-06,424980,,6.28,0.0,0.0,-0.2
2026-04-07,424980,,6.29,-0.3,,0.3
2026-04-08,424980,,6.24,0.7,,-0.7
2026-04-09,424980,,6.34,-0.8,0.0,0.8
2026-04-10,424980,,6.23,0.9,,-0.9
2026-04-13,424980,,6.35,-0.4,,0.3
2026-04-14,424980,,6.3,0.2,-0.0,-0.2
2026-04-15,424980,,6.33,-0.4,,0.3
2026-04-16,424980,,6.28,0.3,,-0.4
2026-04-17,424980,,6.32,0.0,-0.0,0.1
2026-04-20,424980,,6.33,0.2,0.0,-0.4
2026-04-21,424980,,6.35,-5.3,-0.3,5.8
2026-04-22,424980,,5.75,-0.4,-0.0,0.4
2026-04-23,424980,,5.7,-0.3,,0.4
2026-04-24,424980,,5.67,2.6,-0.0,-2.6
2026-04-27,424980,,5.95,-0.8,-0.0,0.9
2026-04-28,424980,,5.87,-0.4,,0.9
2026-04-29,424980,,5.82,0.6,,0.1
2026-04-30,424980,13660.0,5.89,0.5,0.0,-0.4
2026-05-04,424980,,5.98,-0.0,0.4,-0.4
2026-05-06,424980,,5.97,0.3,-0.0,-0.8
2026-05-07,424980,,6.01,-0.3,0.0,0.3
2026-05-08,424980,,5.98,0.4,0.0,-0.6
2026-05-11,424980,,6.03,0.4,-0.0,-0.4
2026-05-12,424980,,6.09,-1.4,-0.0,1.4
2026-05-13,424980,,5.83,0.9,0.0,-1.0
2026-05-14,424980,,5.95,-1.5,0.0,1.5
2026-05-15,424980,,5.76,-1.0,0.0,1.1
2026-05-18,424980,,5.59,0.1,0.0,-0.1
2026-05-19,424980,,5.6,-0.1,0.0,0.1
2026-05-20,424980,,5.59,2.0,-0.0,-2.0
2026-05-21,424980,,5.89,0.0,0.0,-0.0
2026-05-22,424980,,5.89,2.4,-0.0,-2.4
2026-05-26,424980,,6.21,0.0,-0.0,-0.0
2026-05-27,424980,,6.21,-1.4,0.0,1.3
2026-05-28,424980,,6.02,-1.4,0.2,1.2
2026-05-29,424980,10610.0,5.81,-1.5,0.0,1.5
2026-06-01,424980,,5.58,-1.3,0.0,1.0
2026-06-02,424980,,5.38,-0.5,0.1,0.4
2026-06-04,424980,,5.28,0.5,-0.0,-0.5
2026-06-05,424980,,5.36,0.1,0.1,-0.2
2026-06-08,424980,,5.38,-0.0,-0.0,0.0
2026-06-09,424980,,5.38,0.1,-0.0,-0.1
2026-06-10,424980,,5.4,-0.7,0.2,0.5
2026-06-11,424980,,5.27,0.3,0.0,-0.3
2026-06-12,424980,,5.33,0.5,-0.1,-0.6
2026-06-15,424980,,5.4,-1.1,-0.0,1.1
2026-06-16,424980,,5.22,-0.4,0.0,0.4
2026-06-17,424980,,5.15,-0.1,-0.0,0.1
2026-06-18,424980,,5.13,-0.4,0.0,0.4
2026-06-19,424980,,5.06,-0.1,0.0,0.0
2026-06-22,424980,,5.05,0.3,-0.0,-0.3
2026-06-23,424980,,5.11,-0.4,-0.0,0.4
2026-06-24,424980,,5.02,-0.5,0.1,0.4
2026-06-25,424980,,4.92,0.3,0.0,-0.3
2026-06-26,424980,,4.98,-0.2,-0.0,0.2
2026-06-29,424980,,4.93,0.5,-0.0,-0.4
2026-06-30,424980,7690.0,5.03,-0.5,0.0,0.5
2026-07-01,424980,,4.93,-0.1,-0.0,0.0
2026-07-02,424980,,4.91,-0.6,-0.1,0.6
2026-07-03,424980,,4.77,0.4,-0.6,0.2
2026-07-06,424980,,4.88,-0.1,-0.0,0.1
2026-07-07,424980,,4.86,-0.1,0.0,0.0
2026-07-08,424980,,4.84,0.5,0.1,-0.6
2026-07-09,424980,,4.99,0.1,-0.0,-0.1
2026-07-10,424980,,5.0,-0.1,0.1,0.0
2026-07-13,424980,6840.0,4.98,-0.4,-0.0,0.4
2025-07-14,425040,,4.26,-2.0,0.1,1.9
2025-07-15,425040,,4.11,1.8,-0.5,-1.2
2025-07-16,425040,,4.29,-0.8,-1.1,1.7
2025-07-17,425040,,4.25,0.9,-1.5,0.6
2025-07-18,425040,,4.3,-0.9,-0.1,1.2
2025-07-21,425040,,4.28,0.8,-0.3,-0.5
2025-07-22,425040,,4.33,-2.3,0.3,1.9
2025-07-23,425040,,4.13,0.7,-0.2,-0.9
2025-07-24,425040,,4.18,-1.3,0.3,1.1
2025-07-25,425040,,4.07,-0.4,-0.0,0.2
2025-07-28,425040,,4.04,2.1,0.0,-2.0
2025-07-29,425040,,4.22,0.1,0.3,-0.3
2025-07-30,425040,,4.22,1.5,-0.7,-0.9
2025-07-31,425040,,4.34,-0.6,0.9,-0.1
2025-08-01,425040,,4.31,-3.1,0.4,2.6
2025-08-04,425040,,4.06,0.7,0.2,-1.0
2025-08-05,425040,,4.1,0.2,0.1,-0.2
2025-08-06,425040,,4.14,0.3,0.0,-0.4
2025-08-07,425040,,4.16,0.3,0.2,-0.6
2025-08-08,425040,,4.17,1.2,-0.3,-1.1
2025-08-11,425040,,4.25,0.5,0.0,-0.4
2025-08-12,425040,,4.32,0.1,0.1,-0.2
2025-08-13,425040,,4.34,1.9,0.1,-1.8
2025-08-14,425040,,4.47,-0.6,-0.0,0.5
2025-08-18,425040,,4.43,-1.7,0.3,1.4
2025-08-19,425040,,4.3,-0.3,0.5,-0.2
2025-08-20,425040,,4.28,-0.9,0.1,0.8
2025-08-21,425040,,4.19,-0.3,0.2,0.1
2025-08-22,425040,,4.16,-0.6,0.7,-0.2
2025-08-25,425040,,4.12,0.2,0.5,-0.7
2025-08-26,425040,,4.14,-1.3,0.0,1.3
2025-08-27,425040,,4.05,0.7,0.1,-0.8
2025-08-28,425040,,4.12,-0.7,0.4,0.3
2025-08-29,425040,7050.0,4.08,-0.1,0.4,-0.2
2025-09-01,425040,,4.06,-0.9,0.3,0.7
2025-09-02,425040,,4.01,-0.4,0.5,-0.1
2025-09-03,425040,,3.98,9.0,1.2,-10.0
2025-09-04,425040,,4.66,-0.8,-0.8,1.1
2025-09-05,425040,,4.62,0.2,1.5,-1.8
2025-09-08,425040,,4.63,-0.3,0.5,-0.2
2025-09-09,425040,,4.57,0.3,0.5,-0.9
2025-09-10,425040,,4.6,0.6,0.8,-1.4
2025-09-11,425040,,4.6,-1.8,3.1,-1.2
2025-09-12,425040,,4.47,-5.3,0.1,5.2
2025-09-15,425040,,4.15,-0.6,7.4,-7.0
2025-09-16,425040,,4.17,-9.9,5.9,4.0
2025-09-17,425040,,3.54,-3.6,0.6,3.1
2025-09-18,425040,,3.34,-2.3,7.5,0.3
2025-09-19,425040,,3.26,-10.1,0.5,14.5
2025-09-22,425040,,2.74,-3.5,1.3,5.1
2025-09-23,425040,,2.6,-4.5,0.2,8.5
2025-09-24,425040,,2.31,-0.4,1.8,2.1
2025-09-25,425040,,2.34,-3.1,0.8,5.9
2025-09-26,425040,,2.17,-1.0,0.8,0.2
2025-09-29,425040,,2.09,-0.6,0.1,0.4
2025-09-30,425040,9260.0,2.09,-1.6,-0.1,1.5
2025-10-01,425040,,2.0,18.7,-0.5,-17.7
2025-10-02,425040,,3.09,-14.1,0.4,13.8
2025-10-10,425040,,2.37,-8.7,6.0,2.6
2025-10-13,425040,,1.96,-1.1,-3.3,4.9
2025-10-14,425040,,1.88,-5.1,-0.4,5.0
2025-10-15,425040,,1.6,4.7,-0.1,-4.7
2025-10-16,425040,,1.82,4.6,0.3,-4.6
2025-10-17,425040,,1.99,8.4,2.0,-11.0
2025-10-20,425040,,2.56,0.6,0.0,-0.5
2025-10-21,425040,,2.52,6.8,0.7,-7.6
2025-10-22,425040,,2.89,1.1,0.8,-1.7
2025-10-23,425040,,2.95,-1.2,0.9,0.3
2025-10-24,425040,,2.82,-1.5,-0.1,1.6
2025-10-27,425040,,2.71,2.4,-3.1,0.8
2025-10-28,425040,,2.82,3.7,-1.7,-2.1
2025-10-29,425040,,3.06,3.5,-3.3,-0.3
2025-10-30,425040,,3.25,2.3,-0.7,-1.8
2025-10-31,425040,9340.0,3.33,-6.2,0.6,5.2
2025-11-03,425040,,3.1,0.9,-5.5,4.6
2025-11-04,425040,,3.12,1.5,-2.2,0.5
2025-11-05,425040,,3.17,-0.4,0.1,0.2
2025-11-06,425040,,3.06,2.9,-0.1,-2.8
2025-11-07,425040,,3.24,-0.5,-1.4,1.8
2025-11-10,425040,,3.21,16.7,-7.6,-8.3
2025-11-11,425040,,4.02,0.5,-1.0,0.7
2025-11-12,425040,,4.01,-1.4,0.4,1.1
2025-11-13,425040,,3.92,-2.1,0.1,1.9
2025-11-14,425040,,3.8,-5.9,-3.7,9.3
2025-11-17,425040,,3.45,0.3,0.0,-0.4
2025-11-18,425040,,3.52,-0.8,-0.0,0.8
2025-11-19,425040,,3.75,-0.2,-0.5,0.4
2025-11-20,425040,,3.75,1.9,-3.1,1.9
2025-11-21,425040,,3.91,-5.9,-5.3,11.0
2025-11-24,425040,,3.43,0.8,-0.0,-0.8
2025-11-25,425040,,3.47,1.8,-2.2,0.3
2025-11-26,425040,,3.65,1.3,-1.9,0.6
2025-11-27,425040,,3.75,0.5,1.5,-2.0
2025-11-28,425040,8110.0,3.81,-2.4,5.3,-2.7
2025-12-01,425040,,3.73,-1.7,1.9,-0.1
2025-12-02,425040,,3.64,0.9,-4.1,4.1
2025-12-03,425040,,3.69,-1.8,-1.3,4.8
2025-12-04,425040,,3.56,-0.7,-3.3,4.0
2025-12-05,425040,,3.48,0.6,0.0,-0.6
2025-12-08,425040,,3.51,-0.2,0.0,1.5
2025-12-09,425040,,3.53,-0.7,0.0,0.7
2025-12-10,425040,,3.45,-0.9,0.3,0.6
2025-12-11,425040,,3.38,0.0,0.0,-0.0
2025-12-12,425040,,3.38,-0.3,-0.1,0.3
2025-12-15,425040,,3.37,-0.6,-0.5,1.0
2025-12-16,425040,,3.31,-0.9,0.6,0.4
2025-12-17,425040,,3.48,0.4,-0.3,-0.0
2025-12-18,425040,,3.4,0.2,-0.8,0.6
2025-12-19,425040,,3.42,-0.2,0.3,-0.4
2025-12-22,425040,,3.39,2.1,0.6,-2.5
2025-12-23,425040,,3.59,-0.9,-0.0,0.9
2025-12-24,425040,,3.72,-1.7,1.4,0.3
2025-12-26,425040,,3.45,-1.1,-0.8,1.9
2025-12-29,425040,,2.79,-0.2,0.5,-0.2
2025-12-30,425040,7650.0,2.77,-0.3,,0.3
2026-01-02,425040,,2.75,13.1,-0.7,-11.9
2026-01-05,425040,,3.5,-11.3,-3.5,14.7
2026-01-06,425040,,2.89,-1.1,-2.3,3.5
2026-01-07,425040,,2.87,-3.5,,3.4
2026-01-08,425040,,2.67,-0.3,-1.7,2.0
2026-01-09,425040,,2.65,-1.1,,1.2
2026-01-12,425040,,2.59,-0.8,0.0,0.8
2026-01-13,425040,,2.67,0.4,0.0,-0.4
2026-01-14,425040,,2.7,-0.6,,0.4
2026-01-15,425040,,2.66,1.0,,-1.0
2026-01-16,425040,,2.72,-5.2,,4.8
2026-01-19,425040,,2.43,1.4,-0.0,-1.4
2026-01-20,425040,,2.51,-1.7,-0.0,1.6
2026-01-21,425040,,2.41,0.1,0.0,-0.3
2026-01-22,425040,,2.42,0.3,-0.0,-0.5
2026-01-23,425040,,2.44,-11.6,-0.0,11.9
2026-01-26,425040,,1.78,1.4,,-1.2
2026-01-27,425040,,1.86,0.3,1.0,-1.1
2026-01-28,425040,,1.88,12.2,0.0,-12.2
2026-01-29,425040,,2.49,11.8,1.3,-13.7
2026-01-30,425040,9990.0,3.08,6.7,5.8,-12.4
2026-02-02,425040,,3.4,-5.6,1.2,1.2
2026-02-03,425040,,3.14,-2.1,,0.9
2026-02-04,425040,,3.04,-3.3,,3.3
2026-02-05,425040,,2.88,8.0,,-8.1
2026-02-06,425040,,3.27,5.5,-0.6,-4.9
2026-02-09,425040,,3.54,1.7,-2.9,2.2
2026-02-10,425040,,3.67,-5.5,-0.2,5.7
2026-02-11,425040,,3.4,-0.2,-0.6,0.8
2026-02-12,425040,,3.39,0.3,-1.6,1.4
2026-02-13,425040,,3.41,-1.9,,2.0
2026-02-19,425040,,3.31,13.8,-3.1,-10.9
2026-02-20,425040,,3.95,-9.6,-1.5,11.1
2026-02-23,425040,,3.45,-5.6,-0.5,5.9
2026-02-24,425040,,3.18,16.6,-3.0,-13.7
2026-02-25,425040,,3.96,-7.3,-5.2,12.4
2026-02-26,425040,,3.61,4.7,0.0,-3.8
2026-02-27,425040,9490.0,3.84,-4.8,,4.8
2026-03-03,425040,,3.6,5.0,-0.0,-4.2
2026-03-04,425040,,3.85,-0.4,,0.2
2026-03-05,425040,,3.83,7.9,-0.1,-8.3
2026-03-06,425040,,4.24,10.1,-4.6,-5.3
2026-03-09,425040,,4.75,-9.3,-0.0,9.2
2026-03-10,425040,,4.25,1.8,,-1.7
2026-03-11,425040,,4.35,-2.3,-1.7,4.1
2026-03-12,425040,,4.24,-3.4,-0.5,3.8
2026-03-13,425040,,4.07,10.4,-6.2,-4.2
2026-03-16,425040,,4.57,-54.6,-9.6,63.6
2026-03-17,425040,,1.96,13.0,-9.1,-2.9
2026-03-18,425040,,2.74,11.7,-2.1,-11.3
2026-03-19,425040,,3.24,14.8,1.8,4.4
2026-03-20,425040,,3.88,-36.6,-1.7,37.7
2026-03-23,425040,,2.35,-4.4,-3.8,7.4
2026-03-24,425040,,2.22,8.5,1.6,-10.4
2026-03-25,425040,,2.62,8.0,0.1,-7.8
2026-03-26,425040,,2.97,-2.4,0.1,2.9
2026-03-27,425040,,2.89,-5.9,-0.1,5.8
2026-03-30,425040,,2.64,11.0,-38.9,37.9
2026-03-31,425040,13200.0,3.29,-0.1,-0.0,2.3
2026-04-01,425040,,3.4,7.1,-1.3,-6.1
2026-04-02,425040,,3.93,-34.7,-0.4,34.7
2026-04-03,425040,,2.71,20.1,0.7,-22.2
2026-04-06,425040,,3.43,-40.6,-0.1,40.3
2026-04-07,425040,,2.22,12.5,,-13.7
2026-04-08,425040,,2.64,14.6,0.0,-14.1
2026-04-09,425040,,3.16,-44.0,0.0,43.6
2026-04-10,425040,,1.55,20.5,,-24.2
2026-04-13,425040,,2.26,3.0,0.0,-2.3
2026-04-14,425040,,2.27,0.2,0.0,0.2
2026-04-15,425040,,2.3,1.3,0.0,-1.5
2026-04-16,425040,,2.33,4.4,1.0,-7.4
2026-04-17,425040,,2.5,-5.8,0.2,5.4
2026-04-20,425040,,2.29,7.7,0.0,-9.1
2026-04-21,425040,,2.54,1.6,0.1,-3.0
2026-04-22,425040,,2.66,-4.4,,5.0
2026-04-23,425040,,2.53,-1.4,1.0,-0.0
2026-04-24,425040,,2.47,-0.1,0.7,-1.9
2026-04-27,425040,,2.47,51.2,-4.4,-56.4
2026-04-28,425040,,4.03,-20.7,0.1,19.9
2026-04-29,425040,,3.5,-19.4,-0.0,26.0
2026-04-30,425040,17160.0,2.96,-33.9,-0.1,37.4
2026-05-04,425040,,2.01,-14.4,1.4,12.0
2026-05-06,425040,,1.59,51.2,-3.9,-54.3
2026-05-07,425040,,2.71,-20.3,-0.0,18.8
2026-05-08,425040,,2.3,-16.8,0.0,29.0
2026-05-11,425040,,1.95,37.7,-0.2,-38.2
2026-05-12,425040,,2.72,-22.9,-0.0,27.2
2026-05-13,425040,,2.28,4.0,-0.0,-2.5
2026-05-14,425040,,2.33,-12.0,0.0,10.8
2026-05-15,425040,,2.1,-13.8,0.0,14.5
2026-05-18,425040,,1.83,28.5,-0.2,-24.3
2026-05-19,425040,,2.41,-16.6,0.2,16.8
2026-05-20,425040,,1.99,-42.9,0.0,41.9
2026-05-21,425040,,1.15,52.8,1.9,-58.3
2026-05-22,425040,,2.02,29.5,-0.6,-33.2
2026-05-26,425040,,2.5,-65.6,3.6,62.0
2026-05-27,425040,,1.42,15.2,0.0,-16.5
2026-05-28,425040,,1.72,32.1,0.8,-54.2
2026-05-29,425040,18000.0,2.47,-13.0,-2.4,12.0
2026-06-01,425040,,2.21,-18.6,0.2,29.4
2026-06-02,425040,,1.79,-6.6,19.7,-7.0
2026-06-04,425040,,1.64,-18.9,0.0,19.4
2026-06-05,425040,,1.53,1.9,-0.0,-0.4
2026-06-08,425040,,1.6,36.1,0.0,-35.5
2026-06-09,425040,,2.65,16.9,-2.1,-14.5
2026-06-10,425040,,2.97,8.5,-0.1,-8.0
2026-06-11,425040,,3.22,-5.4,3.9,-2.1
2026-06-12,425040,,3.08,-37.4,-5.7,29.5
2026-06-15,425040,,2.15,-26.9,-2.3,39.6
2026-06-16,425040,,1.44,0.0,0.0,-0.2
2026-06-17,425040,,1.46,-6.5,-0.0,9.4
2026-06-18,425040,,1.31,-1.4,-0.0,0.7
2026-06-19,425040,,1.24,-11.9,-0.0,15.3
2026-06-22,425040,,0.87,27.4,1.0,-30.1
2026-06-23,425040,,1.75,19.9,1.3,-20.1
2026-06-24,425040,,2.44,-2.7,7.9,-5.4
2026-06-25,425040,,2.36,14.1,-2.9,-11.3
2026-06-26,425040,,2.88,25.3,0.0,-24.9
2026-06-29,425040,,3.83,2.5,0.0,-1.9
2026-06-30,425040,12030.0,3.92,-1.1,-0.6,2.2
2026-07-01,425040,,3.85,6.9,0.1,-7.0
2026-07-02,425040,,4.06,14.3,0.1,-14.9
2026-07-03,425040,,4.7,8.6,0.0,-9.1
2026-07-06,425040,,5.09,7.7,0.2,-7.2
2026-07-07,425040,,5.45,5.8,0.2,-6.0
2026-07-08,425040,,5.73,4.4,0.6,-4.7
2026-07-09,425040,,5.95,4.2,0.5,-4.9
2026-07-10,425040,,6.17,-1.3,-0.0,1.3
2026-07-13,425040,9750.0,6.11,-10.8,0.0,10.7
2025-12-30,425290,,,,,
2026-01-30,425290,,,,,
2026-02-27,425290,,,,,
2026-03-31,425290,,,,,
2026-04-30,425290,,,,,
2026-05-29,425290,,,,,
2026-06-30,425290,,,,,
2026-07-13,425290,,,,,
2025-07-14,425420,,1.47,-3.5,6.4,-3.9
2025-07-15,425420,,1.37,-1.3,4.4,-3.6
2025-07-16,425420,,1.33,5.6,9.6,-12.0
2025-07-17,425420,,1.49,-3.0,3.9,1.9
2025-07-18,425420,,1.41,-2.1,6.6,-4.3
2025-07-21,425420,,1.35,-3.1,9.8,-6.7
2025-07-22,425420,,1.27,-1.0,7.4,-6.6
2025-07-23,425420,,1.25,-0.5,2.5,-2.0
2025-07-24,425420,,1.24,-3.6,5.6,-1.8
2025-07-25,425420,,1.14,6.9,13.0,-18.8
2025-07-28,425420,,1.32,-3.3,10.8,-3.5
2025-07-29,425420,,1.24,-3.8,8.6,-6.6
2025-07-30,425420,,1.14,-4.9,7.4,-0.7
2025-07-31,425420,,1.01,-5.1,6.8,-1.3
2025-08-01,425420,,0.88,1.3,6.4,-6.8
2025-08-04,425420,,0.91,1.1,10.1,-10.0
2025-08-05,425420,,0.95,-2.5,4.8,-2.1
2025-08-06,425420,,0.88,0.2,1.5,-1.8
2025-08-07,425420,,0.88,-0.4,1.4,-0.8
2025-08-08,425420,,0.89,3.6,0.1,-2.8
2025-08-11,425420,,0.99,4.6,1.6,0.5
2025-08-12,425420,,1.11,1.3,4.3,-5.5
2025-08-13,425420,,1.14,4.7,4.8,-6.2
2025-08-14,425420,,1.27,-2.4,5.1,-2.4
2025-08-18,425420,,1.21,-0.1,1.9,-1.6
2025-08-19,425420,,1.23,-2.7,2.7,0.0
2025-08-20,425420,,1.15,0.9,8.5,-6.5
2025-08-21,425420,,1.15,-0.7,4.9,-3.6
2025-08-22,425420,,1.13,1.1,14.5,-11.5
2025-08-25,425420,,1.16,-2.7,9.4,-3.4
2025-08-26,425420,,1.09,14.3,20.5,-12.0
2025-08-27,425420,,1.44,26.8,30.5,-9.5
2025-08-28,425420,,2.06,0.6,18.0,-8.9
2025-08-29,425420,37850.0,2.08,-7.6,10.8,-1.4
2025-09-01,425420,,1.9,7.8,34.3,-15.1
2025-09-02,425420,,2.09,-6.6,2.0,5.8
2025-09-03,425420,,1.93,-3.0,10.2,-0.3
2025-09-04,425420,,1.86,4.6,17.9,-3.6
2025-09-05,425420,,1.97,8.7,24.5,-6.6
2025-09-08,425420,,2.17,23.1,18.9,-5.9
2025-09-09,425420,,2.68,2.5,35.2,-24.3
2025-09-10,425420,,2.74,-21.5,28.1,-8.0
2025-09-11,425420,,2.32,10.9,8.6,-20.0
2025-09-12,425420,,2.51,-5.3,12.8,-6.2
2025-09-15,425420,,2.41,-2.8,-2.5,5.0
2025-09-16,425420,,2.35,6.8,-2.7,-4.4
2025-09-17,425420,,2.49,23.0,-15.6,-6.1
2025-09-18,425420,,2.98,-1.9,6.1,-2.8
2025-09-19,425420,,2.96,-20.5,19.6,0.7
2025-09-22,425420,,2.5,-24.3,46.8,-21.2
2025-09-23,425420,,2.01,-11.9,-1.5,9.4
2025-09-24,425420,,1.77,-2.1,8.1,-5.3
2025-09-25,425420,,1.73,-5.0,7.2,-2.2
2025-09-26,425420,,1.63,7.6,1.4,-4.9
2025-09-29,425420,,1.79,-4.9,17.2,-12.6
2025-09-30,425420,41950.0,1.69,-3.1,3.1,-0.2
2025-10-01,425420,,1.63,7.8,8.2,-16.1
2025-10-02,425420,,1.78,-4.4,8.4,-4.2
2025-10-10,425420,,1.7,2.7,-20.9,20.7
2025-10-13,425420,,1.75,6.4,-8.3,2.4
2025-10-14,425420,,1.89,44.6,13.2,-63.5
2025-10-15,425420,,2.74,-14.8,-0.6,13.8
2025-10-16,425420,,2.49,-15.9,6.0,13.2
2025-10-17,425420,,2.16,-2.9,5.2,-1.9
2025-10-20,425420,,2.09,4.2,10.0,-9.0
2025-10-21,425420,,2.18,1.0,3.6,-2.5
2025-10-22,425420,,2.2,27.1,-31.0,3.9
2025-10-23,425420,,2.82,-0.9,0.3,0.5
2025-10-24,425420,,2.8,-8.8,-1.8,10.5
2025-10-27,425420,,2.56,82.7,-76.7,-6.8
2025-10-28,425420,,4.33,2.1,-18.8,16.1
2025-10-29,425420,,4.38,13.0,-42.0,27.2
2025-10-30,425420,,4.67,13.4,-12.7,-0.7
2025-10-31,425420,40750.0,4.73,-10.8,22.1,-11.1
2025-11-03,425420,,4.51,-29.1,3.5,25.1
2025-11-04,425420,,3.92,-13.7,-3.8,16.1
2025-11-05,425420,,3.64,-9.1,-10.9,19.3
2025-11-06,425420,,3.43,-9.3,41.7,-31.8
2025-11-07,425420,,3.24,-13.1,-2.6,15.6
2025-11-10,425420,,2.95,-23.1,39.8,-16.7
2025-11-11,425420,,2.44,3.9,-7.0,1.2
2025-11-12,425420,,2.53,-7.9,-7.0,14.5
2025-11-13,425420,,2.35,-0.4,-4.2,4.7
2025-11-14,425420,,2.34,23.3,-11.0,-11.6
2025-11-17,425420,,2.84,-1.7,41.6,-36.4
2025-11-18,425420,,2.82,-2.0,1.6,-0.3
2025-11-19,425420,,2.77,-13.8,17.1,-3.3
2025-11-20,425420,,2.49,-2.8,4.0,-1.1
2025-11-21,425420,,2.44,-2.8,6.0,-2.8
2025-11-24,425420,,2.38,1.4,14.7,-11.5
2025-11-25,425420,,2.41,70.6,10.5,-33.4
2025-11-26,425420,,3.64,-7.9,5.0,2.8
2025-11-27,425420,,3.52,-5.1,-9.6,15.5
2025-11-28,425420,45800.0,3.43,3.8,1.9,-6.3
2025-12-01,425420,,3.5,-3.2,1.2,1.7
2025-12-02,425420,,3.44,-0.3,-10.6,10.6
2025-12-03,425420,,3.44,0.4,0.5,-1.0
2025-12-04,425420,,3.44,0.4,-5.9,5.4
2025-12-05,425420,,3.45,-1.8,1.7,0.2
2025-12-08,425420,,3.42,2.1,-21.7,19.3
2025-12-09,425420,,3.46,0.3,-12.2,9.4
2025-12-10,425420,,3.47,-8.4,-2.0,9.4
2025-12-11,425420,,3.29,-7.6,6.0,0.4
2025-12-12,425420,,3.13,-5.5,-0.5,5.7
2025-12-15,425420,,3.01,-2.1,-11.3,16.7
2025-12-16,425420,,2.96,23.4,-9.0,-14.0
2025-12-17,425420,,3.6,-14.0,20.9,-4.6
2025-12-18,425420,,3.28,-4.8,7.9,-3.2
2025-12-19,425420,,3.17,-10.3,-1.8,12.0
2025-12-22,425420,,2.93,-10.1,16.7,2.8
2025-12-23,425420,,2.71,-9.9,3.9,6.0
2025-12-24,425420,,2.48,-6.4,-0.1,6.5
2025-12-26,425420,,2.37,-6.3,-3.7,11.7
2025-12-29,425420,,2.22,-6.6,-1.8,7.8
2025-12-30,425420,36400.0,2.07,3.9,-1.3,-2.5
2026-01-02,425420,,2.16,-0.4,-2.4,7.7
2026-01-05,425420,,2.15,-10.6,10.2,13.3
2026-01-06,425420,,1.9,-2.5,7.4,7.0
2026-01-07,425420,,1.84,-7.8,-5.1,13.9
2026-01-08,425420,,1.63,3.9,2.1,-5.2
2026-01-09,425420,,1.74,-0.8,-16.7,17.3
2026-01-12,425420,,1.7,-1.7,3.0,-1.5
2026-01-13,425420,,1.77,0.5,2.4,-2.4
2026-01-14,425420,,1.75,-2.2,-0.5,2.9
2026-01-15,425420,,1.67,2.7,-21.4,18.4
2026-01-16,425420,,1.83,18.9,-51.5,32.2
2026-01-19,425420,,2.22,-2.4,-1.1,3.1
2026-01-20,425420,,2.13,-2.3,-3.4,5.6
2026-01-21,425420,,2.06,-0.2,-0.5,1.1
2026-01-22,425420,,2.05,-5.4,9.3,-4.3
2026-01-23,425420,,1.91,-3.5,2.7,0.9
2026-01-26,425420,,1.82,-1.6,4.9,-4.6
2026-01-27,425420,,1.78,-5.0,5.6,-0.4
2026-01-28,425420,,1.69,33.2,-50.5,17.4
2026-01-29,425420,,2.42,-6.8,-7.1,14.0
2026-01-30,425420,38700.0,2.22,0.3,-4.1,8.9
2026-02-02,425420,,2.16,22.5,-36.7,15.0
2026-02-03,425420,,2.73,20.3,-17.0,-3.7
2026-02-04,425420,,3.18,11.6,8.4,-10.1
2026-02-05,425420,,3.4,-17.5,-1.8,24.8
2026-02-06,425420,,2.9,-0.0,-19.2,20.2
2026-02-09,425420,,2.87,-7.6,1.1,7.9
2026-02-10,425420,,2.68,36.9,1.2,-16.3
2026-02-11,425420,,3.5,-1.3,0.2,1.2
2026-02-12,425420,,3.36,2.4,-1.8,0.3
2026-02-13,425420,,3.37,10.2,-5.1,-4.9
2026-02-19,425420,,3.6,20.5,-45.2,25.2
2026-02-20,425420,,3.88,8.9,-12.3,3.9
2026-02-23,425420,,3.97,17.1,-8.1,-8.7
2026-02-24,425420,,4.29,15.1,-13.4,-2.1
2026-02-25,425420,,4.55,0.1,3.3,-1.9
2026-02-26,425420,,4.52,22.2,5.0,-27.5
2026-02-27,425420,42600.0,4.99,-11.4,1.5,9.8
2026-03-03,425420,,4.71,32.8,23.8,-55.9
2026-03-04,425420,,5.48,6.3,0.1,-6.5
2026-03-05,425420,,5.69,20.4,-19.1,-1.8
2026-03-06,425420,,6.16,14.6,-0.6,-14.1
2026-03-09,425420,,6.38,-12.5,-1.9,15.6
2026-03-10,425420,,6.06,77.0,27.1,-105.2
2026-03-11,425420,,7.89,-45.1,99.7,-59.7
2026-03-12,425420,,7.13,-48.3,-1.7,44.6
2026-03-13,425420,,6.29,-7.2,-22.0,28.8
2026-03-16,425420,,6.19,-45.1,36.2,30.0
2026-03-17,425420,,5.46,-42.5,33.4,5.8
2026-03-18,425420,,4.74,-4.0,8.3,-8.2
2026-03-19,425420,,4.7,5.5,0.6,-0.2
2026-03-20,425420,,4.8,-33.8,0.4,73.0
2026-03-23,425420,,4.18,-38.0,16.4,22.4
2026-03-24,425420,,3.64,-6.2,-14.0,23.6
2026-03-25,425420,,3.63,-6.8,19.0,-15.2
2026-03-26,425420,,3.51,-22.8,42.7,-17.0
2026-03-27,425420,,3.33,-26.5,-8.0,34.9
2026-03-30,425420,,2.94,-18.5,9.2,8.4
2026-03-31,425420,58100.0,2.65,32.6,-26.3,-5.4
2026-04-01,425420,,3.18,-12.3,27.3,-15.4
2026-04-02,425420,,3.04,10.6,-51.6,38.0
2026-04-03,425420,,3.14,12.9,-7.7,-6.6
2026-04-06,425420,,3.32,21.5,-24.9,1.5
2026-04-07,425420,,3.63,11.5,-8.3,-2.8
2026-04-08,425420,,3.79,21.1,-43.5,26.8
2026-04-09,425420,,4.11,44.3,-29.2,-7.8
2026-04-10,425420,,4.74,-4.5,23.1,-20.6
2026-04-13,425420,,4.74,-33.6,-9.8,43.1
2026-04-14,425420,,4.15,-14.0,-0.1,12.2
2026-04-15,425420,,3.96,-2.4,-25.2,27.2
2026-04-16,425420,,3.84,17.2,-21.5,2.9
2026-04-17,425420,,4.09,22.1,-32.7,9.1
2026-04-20,425420,,4.43,47.0,-101.8,53.7
2026-04-21,425420,,5.14,-9.6,-39.9,49.8
2026-04-22,425420,,4.64,20.2,-43.9,23.1
2026-04-23,425420,,4.92,20.4,-17.1,-4.8
2026-04-24,425420,,5.31,-0.2,-16.9,20.2
2026-04-27,425420,,5.1,-21.6,-3.6,29.1
2026-04-28,425420,,4.66,6.2,-4.2,-1.5
2026-04-29,425420,,5.24,12.7,1.5,-15.7
2026-04-30,425420,67000.0,5.56,25.6,-22.2,0.5
2026-05-04,425420,,6.02,-29.3,23.5,5.9
2026-05-06,425420,,5.46,-52.8,25.1,26.7
2026-05-07,425420,,4.6,-29.5,-55.3,85.6
2026-05-08,425420,,4.07,7.5,-42.5,34.1
2026-05-11,425420,,4.15,-6.9,-3.2,9.7
2026-05-12,425420,,4.07,43.2,-41.5,1.8
2026-05-13,425420,,4.64,-6.8,-13.9,19.2
2026-05-14,425420,,4.55,0.3,-1.1,1.9
2026-05-15,425420,,4.58,-41.2,1.7,36.9
2026-05-18,425420,,3.96,4.0,-5.6,4.0
2026-05-19,425420,,4.1,3.3,-3.7,-0.3
2026-05-20,425420,,4.39,-23.1,9.6,9.6
2026-05-21,425420,,3.99,-16.8,12.4,3.7
2026-05-22,425420,,3.71,7.8,7.7,-15.7
2026-05-26,425420,,3.79,-8.9,-3.2,12.1
2026-05-27,425420,,3.55,-15.2,1.0,17.5
2026-05-28,425420,,3.25,13.0,1.2,-13.1
2026-05-29,425420,46500.0,3.49,16.1,-17.1,1.7
2026-06-01,425420,,3.77,16.2,-8.7,-7.3
2026-06-02,425420,,4.07,0.1,4.3,-4.3
2026-06-04,425420,,4.14,-18.6,23.9,-4.6
2026-06-05,425420,,3.75,-6.4,2.7,4.0
2026-06-08,425420,,3.63,-4.2,10.5,-6.6
2026-06-09,425420,,3.54,-31.4,29.4,-0.0
2026-06-10,425420,,3.09,-5.5,0.4,4.2
2026-06-11,425420,,2.95,-11.7,14.5,-5.7
2026-06-12,425420,,2.8,0.1,-6.1,6.0
2026-06-15,425420,,2.72,-2.8,-2.2,2.0
2026-06-16,425420,,2.64,-1.5,10.2,-8.7
2026-06-17,425420,,2.74,5.5,-1.4,-3.6
2026-06-18,425420,,2.88,3.3,-0.7,-2.6
2026-06-19,425420,,2.95,4.4,-3.5,-0.6
2026-06-22,425420,,2.99,9.9,-6.1,-3.1
2026-06-23,425420,,3.21,3.7,-0.5,-3.5
2026-06-24,425420,,3.33,7.9,-8.6,-0.6
2026-06-25,425420,,3.57,6.0,-11.2,5.0
2026-06-26,425420,,3.68,4.6,0.6,-4.3
2026-06-29,425420,,3.8,0.2,2.5,-2.1
2026-06-30,425420,40550.0,3.8,-8.3,-3.6,12.6
2026-07-01,425420,,3.49,17.4,0.3,-18.9
2026-07-02,425420,,3.93,-15.3,6.6,9.6
2026-07-03,425420,,3.49,7.0,13.6,-19.0
2026-07-06,425420,,3.62,1.0,4.2,-5.0
2026-07-07,425420,,3.63,10.0,-6.4,-3.8
2026-07-08,425420,,3.84,-0.8,0.4,-0.1
2026-07-09,425420,,3.82,0.8,5.9,-7.0
2026-07-10,425420,,3.9,-3.2,4.4,-1.2
2026-07-13,425420,38000.0,3.83,-3.0,4.9,-1.6
2025-12-30,426550,,,,,
2026-01-30,426550,,,,,
2026-02-27,426550,,,,,
2026-03-31,426550,,,,,
2026-04-30,426550,,,,,
2026-05-29,426550,,,,,
2026-06-30,426550,,,,,
2026-07-13,426550,,,,,
2025-12-30,427950,,,,,
2026-01-30,427950,,,,,
2026-02-27,427950,,,,,
2026-03-31,427950,,,,,
2026-04-30,427950,,,,,
2026-05-29,427950,,,,,
2026-06-30,427950,,,,,
2026-07-13,427950,,,,,
2025-07-14,429270,,3.97,-0.9,,0.9
2025-07-15,429270,,3.67,-0.4,,0.2
2025-07-16,429270,,3.51,0.3,,0.0
2025-07-17,429270,,3.61,-0.2,,0.2
2025-07-18,429270,,3.54,-0.5,,0.5
2025-07-21,429270,,3.44,-0.4,,0.4
2025-07-22,429270,,3.32,-0.7,,0.7
2025-07-23,429270,,3.06,0.2,,-0.1
2025-07-24,429270,,3.12,-0.5,-0.0,0.4
2025-07-25,429270,,2.96,-0.1,,0.0
2025-07-28,429270,,2.92,-0.4,,0.5
2025-07-29,429270,,2.77,-0.4,,0.2
2025-07-30,429270,,2.64,-0.6,,0.7
2025-07-31,429270,,2.43,-0.2,,0.2
2025-08-01,429270,,2.4,-0.3,,0.4
2025-08-04,429270,,2.29,-0.2,-0.0,0.2
2025-08-05,429270,,2.2,-0.1,0.0,0.1
2025-08-06,429270,,2.18,0.2,,-0.2
2025-08-07,429270,,2.24,-0.2,-0.0,-0.0
2025-08-08,429270,,2.17,0.4,-0.6,0.3
2025-08-11,429270,,2.33,-0.2,,0.2
2025-08-12,429270,,2.27,0.1,,-0.1
2025-08-13,429270,,2.29,-0.0,,-0.0
2025-08-14,429270,,2.29,0.1,,-0.1
2025-08-18,429270,,2.32,0.1,,-0.2
2025-08-19,429270,,2.36,0.0,,0.0
2025-08-20,429270,,2.36,-0.2,-0.0,0.2
2025-08-21,429270,,2.3,-0.0,,0.0
2025-08-22,429270,,2.3,0.1,-0.0,-0.1
2025-08-25,429270,,2.32,-0.0,,-0.0
2025-08-26,429270,,2.32,0.1,,-0.1
2025-08-27,429270,,2.36,-0.1,,0.1
2025-08-28,429270,,2.33,-1.2,0.0,1.0
2025-08-29,429270,6050.0,1.97,0.4,,-0.2
2025-09-01,429270,,2.11,-0.3,,0.3
2025-09-02,429270,,2.02,-0.2,,0.2
2025-09-03,429270,,1.94,0.1,,-0.1
2025-09-04,429270,,1.96,0.3,,-0.3
2025-09-05,429270,,2.06,-0.0,,0.0
2025-09-08,429270,,2.05,-0.0,,0.0
2025-09-09,429270,,2.05,-0.0,,0.0
2025-09-10,429270,,2.03,0.0,,-0.0
2025-09-11,429270,,2.05,-0.0,,-0.0
2025-09-12,429270,,2.05,0.0,,-0.0
2025-09-15,429270,,2.06,0.2,-0.0,-0.4
2025-09-16,429270,,2.29,1.2,,-1.1
2025-09-17,429270,,2.68,-1.5,,1.5
2025-09-18,429270,,2.2,-0.5,,0.6
2025-09-19,429270,,2.05,-0.3,,0.3
2025-09-22,429270,,1.97,-0.5,,0.5
2025-09-23,429270,,1.83,-0.1,-0.0,0.2
2025-09-24,429270,,1.79,1.2,,-1.2
2025-09-25,429270,,2.18,-0.3,,0.3
2025-09-26,429270,,2.08,-0.2,,0.2
2025-09-29,429270,,2.01,-0.1,,0.1
2025-09-30,429270,6420.0,1.97,-0.1,,0.1
2025-10-01,429270,,1.93,0.3,,-0.3
2025-10-02,429270,,2.02,0.8,-0.0,-0.8
2025-10-10,429270,,2.28,-0.6,,0.6
2025-10-13,429270,,2.11,-0.2,,0.2
2025-10-14,429270,,2.04,-0.3,,0.3
2025-10-15,429270,,1.94,0.2,,-0.2
2025-10-16,429270,,2.0,-4.0,,4.0
2025-10-17,429270,,0.36,-0.0,-0.4,0.3
2025-10-20,429270,,0.35,0.1,,-0.0
2025-10-21,429270,,0.38,0.7,,-0.7
2025-10-22,429270,,0.66,0.3,,-0.3
2025-10-23,429270,,0.87,0.0,,-0.0
2025-10-24,429270,,0.89,-0.1,,0.1
2025-10-27,429270,,0.84,-0.3,,0.2
2025-10-28,429270,,0.72,0.7,,-0.8
2025-10-29,429270,,1.06,-0.1,,0.1
2025-10-30,429270,,1.03,-0.2,,0.2
2025-10-31,429270,5500.0,0.94,0.1,-0.0,-0.1
2025-11-03,429270,,1.01,3.5,,-3.4
2025-11-04,429270,,2.44,0.5,,-0.6
2025-11-05,429270,,2.66,0.1,,-0.1
2025-11-06,429270,,2.7,-0.4,,0.3
2025-11-07,429270,,2.55,-0.2,,0.2
2025-11-10,429270,,2.47,-0.1,,0.1
2025-11-11,429270,,2.43,-0.2,,0.2
2025-11-12,429270,,2.34,0.3,,-0.3
2025-11-13,429270,,2.49,-0.1,0.8,-0.8
2025-11-14,429270,,2.46,-1.6,,1.5
2025-11-17,429270,,1.84,0.0,,-0.0
2025-11-18,429270,,1.1,0.1,,-0.0
2025-11-19,429270,,1.18,0.0,,-0.0
2025-11-20,429270,,1.2,-2.1,0.0,2.1
2025-11-21,429270,,0.46,0.2,0.0,-0.0
2025-11-24,429270,,0.59,0.1,-0.0,-0.2
2025-11-25,429270,,0.65,-0.3,,0.3
2025-11-26,429270,,0.55,0.8,,-0.8
2025-11-27,429270,,0.88,0.6,-0.3,-0.3
2025-11-28,429270,4960.0,1.13,-0.5,-0.5,1.1
2025-12-01,429270,,1.04,-0.0,,0.0
2025-12-02,429270,,1.0,-0.0,,0.0
2025-12-03,429270,,0.99,0.2,,-0.5
2025-12-04,429270,,1.09,-0.0,,0.1
2025-12-05,429270,,1.07,0.1,,0.1
2025-12-08,429270,,1.11,-1.4,,1.2
2025-12-09,429270,,0.56,0.6,,-0.5
2025-12-10,429270,,0.82,0.3,,-0.3
2025-12-11,429270,,0.94,0.7,,-0.6
2025-12-12,429270,,1.26,0.3,,-0.2
2025-12-15,429270,,1.41,-0.4,,0.4
2025-12-16,429270,,1.27,0.3,-0.0,-0.2
2025-12-17,429270,,1.58,-0.3,,0.3
2025-12-18,429270,,1.47,-0.1,,0.1
2025-12-19,429270,,1.41,-0.2,,0.2
2025-12-22,429270,,1.32,0.2,,-0.1
2025-12-23,429270,,1.39,-0.1,,0.1
2025-12-24,429270,,1.34,0.0,,-0.0
2025-12-26,429270,,1.35,1.1,,-1.1
2025-12-29,429270,,1.84,0.2,,-0.2
2025-12-30,429270,4640.0,1.95,-0.0,,0.0
2026-01-02,429270,,1.94,0.3,,-0.3
2026-01-05,429270,,2.08,-0.1,-0.0,0.2
2026-01-06,429270,,2.23,-1.1,-0.8,1.9
2026-01-07,429270,,1.68,-0.9,-0.3,1.3
2026-01-08,429270,,1.65,0.4,-0.2,-0.2
2026-01-09,429270,,1.81,-0.1,-0.0,0.1
2026-01-12,429270,,1.87,-0.5,-0.1,0.5
2026-01-13,429270,,1.69,0.1,-0.3,0.2
2026-01-14,429270,,1.71,0.1,-0.1,-0.0
2026-01-15,429270,,1.77,0.6,-0.2,-0.5
2026-01-16,429270,,2.01,-0.2,-0.4,0.6
2026-01-19,429270,,1.92,-0.0,-1.5,1.5
2026-01-20,429270,,1.9,0.6,,-0.6
2026-01-21,429270,,2.15,-0.8,-0.0,0.9
2026-01-22,429270,,1.82,0.1,-0.1,-0.0
2026-01-23,429270,,1.87,0.5,-0.1,-0.4
2026-01-26,429270,,2.05,0.8,-0.2,-0.7
2026-01-27,429270,,2.37,0.0,-0.1,0.1
2026-01-28,429270,,2.38,0.6,-0.2,-0.5
2026-01-29,429270,,2.62,0.2,-0.2,0.0
2026-01-30,429270,4220.0,2.69,-0.2,-0.1,0.3
2026-02-02,429270,,2.63,0.0,,-0.0
2026-02-03,429270,,2.63,0.6,,-0.6
2026-02-04,429270,,2.83,0.6,,-1.1
2026-02-05,429270,,3.04,-0.2,,0.2
2026-02-06,429270,,2.98,-0.2,,0.2
2026-02-09,429270,,2.92,1.5,,-1.0
2026-02-10,429270,,3.41,0.7,,-0.7
2026-02-11,429270,,3.62,-0.3,,0.3
2026-02-12,429270,,3.52,0.4,,-0.4
2026-02-13,429270,,3.65,0.4,,-0.4
2026-02-19,429270,,3.78,-0.1,,0.1
2026-02-20,429270,,3.75,-0.1,,0.1
2026-02-23,429270,,3.71,0.2,,-0.1
2026-02-24,429270,,3.65,-0.1,,0.1
2026-02-25,429270,,3.61,-0.5,,0.5
2026-02-26,429270,,3.41,-0.8,,0.8
2026-02-27,429270,4125.0,3.11,0.0,,-0.0
2026-03-03,429270,,3.13,0.3,,-0.3
2026-03-04,429270,,3.23,-0.6,,0.6
2026-03-05,429270,,2.99,0.6,-0.2,-0.3
2026-03-06,429270,,3.24,-0.1,,0.1
2026-03-09,429270,,3.19,-0.1,,0.1
2026-03-10,429270,,3.17,0.4,,-0.4
2026-03-11,429270,,3.22,-0.1,,0.2
2026-03-12,429270,,3.15,0.0,,-0.0
2026-03-13,429270,,3.16,0.1,-0.0,-0.1
2026-03-16,429270,,3.2,1.0,,-1.0
2026-03-17,429270,,3.55,-0.8,,0.9
2026-03-18,429270,,3.25,0.3,,-0.3
2026-03-19,429270,,3.35,-0.3,,0.3
2026-03-20,429270,,3.22,0.5,,-0.5
2026-03-23,429270,,3.43,0.8,-0.0,-0.8
2026-03-24,429270,,3.74,-0.0,,0.0
2026-03-25,429270,,3.74,-1.1,,1.0
2026-03-26,429270,,3.45,0.8,,-0.8
2026-03-27,429270,,3.69,-0.1,,0.0
2026-03-30,429270,,3.69,-1.3,,1.4
2026-03-31,429270,4460.0,3.3,0.4,,-0.4
2026-04-01,429270,,3.44,1.5,,-1.5
2026-04-02,429270,,3.92,-0.3,,0.2
2026-04-03,429270,,3.89,0.3,,-0.3
2026-04-06,429270,,3.98,-0.6,,0.6
2026-04-07,429270,,3.78,-0.8,,0.9
2026-04-08,429270,,3.53,1.1,,-1.0
2026-04-09,429270,,3.85,0.3,,-0.4
2026-04-10,429270,,3.93,0.5,,-2.2
2026-04-13,429270,,4.06,-17.4,,14.0
2026-04-14,429270,,1.16,1.2,,-0.9
2026-04-15,429270,,1.41,-5.0,,5.1
2026-04-16,429270,,1.1,6.4,0.3,-6.7
2026-04-17,429270,,2.52,2.2,0.0,-2.2
2026-04-20,429270,,3.02,-1.2,0.0,1.4
2026-04-21,429270,,2.77,3.0,0.0,-3.2
2026-04-22,429270,,3.52,-1.6,-0.2,1.7
2026-04-23,429270,,3.13,-3.2,,2.7
2026-04-24,429270,,2.41,0.1,,-0.1
2026-04-27,429270,,2.67,-1.2,0.2,1.1
2026-04-28,429270,,2.45,1.9,,-0.8
2026-04-29,429270,,2.82,1.7,-0.2,-2.0
2026-04-30,429270,7590.0,3.17,-1.4,0.0,1.4
2026-05-04,429270,,2.9,1.4,0.0,1.3
2026-05-06,429270,,3.18,1.5,-0.0,-1.9
2026-05-07,429270,,3.5,-2.5,-0.0,2.9
2026-05-08,429270,,3.04,10.7,0.1,-11.3
2026-05-11,429270,,4.9,-14.4,-0.1,15.8
2026-05-12,429270,,2.96,-1.6,0.0,2.8
2026-05-13,429270,,2.66,-3.1,0.0,2.9
2026-05-14,429270,,2.17,0.1,0.4,-0.1
2026-05-15,429270,,2.28,1.9,0.8,-2.8
2026-05-18,429270,,2.63,1.9,0.7,-2.9
2026-05-19,429270,,3.05,3.3,0.0,-3.2
2026-05-20,429270,,3.74,1.8,-0.8,-0.9
2026-05-21,429270,,4.14,-1.6,0.0,1.8
2026-05-22,429270,,3.79,-2.6,-1.0,3.3
2026-05-26,429270,,3.31,-9.2,0.0,8.8
2026-05-27,429270,,1.78,5.1,0.0,-5.1
2026-05-28,429270,,2.72,1.0,-0.0,-1.0
2026-05-29,429270,7100.0,2.94,-0.5,0.0,0.4
2026-06-01,429270,,2.82,0.1,0.0,-0.2
2026-06-02,429270,,2.84,2.1,-0.0,-2.1
2026-06-04,429270,,3.37,-1.0,0.0,0.6
2026-06-05,429270,,3.13,0.4,-0.0,-0.4
2026-06-08,429270,,3.29,5.5,0.0,-5.6
2026-06-09,429270,,4.96,-0.6,-0.0,0.6
2026-06-10,429270,,4.78,0.1,-0.0,-0.1
2026-06-11,429270,,4.82,-0.2,-0.0,0.2
2026-06-12,429270,,4.81,-0.6,0.0,0.2
2026-06-15,429270,,4.65,-1.2,0.0,1.2
2026-06-16,429270,,4.36,-0.3,0.0,0.3
2026-06-17,429270,,4.14,-0.3,-0.0,0.2
2026-06-18,429270,,4.2,-0.8,-0.0,0.9
2026-06-19,429270,,3.84,1.2,0.0,-1.1
2026-06-22,429270,,4.2,1.4,-0.0,-1.5
2026-06-23,429270,,4.67,0.5,0.0,-0.5
2026-06-24,429270,,4.85,0.1,-0.0,-0.1
2026-06-25,429270,,4.88,-0.3,0.0,0.3
2026-06-26,429270,,4.76,1.0,-0.0,-0.9
2026-06-29,429270,,5.15,1.0,-0.0,-1.0
2026-06-30,429270,4010.0,5.52,-0.5,0.0,0.5
2026-07-01,429270,,5.33,-0.0,-0.0,0.0
2026-07-02,429270,,5.28,-0.7,-0.0,0.8
2026-07-03,429270,,5.0,-0.2,-0.1,0.3
2026-07-06,429270,,4.93,-0.2,,0.2
2026-07-07,429270,,4.88,0.0,-0.0,-0.0
2026-07-08,429270,,4.89,-0.2,0.0,0.2
2026-07-09,429270,,4.81,-0.0,-0.0,0.0
2026-07-10,429270,,4.8,-0.2,0.0,0.2
2026-07-13,429270,3495.0,4.73,-0.2,-0.0,0.2
